variation_id,ivacaftor,tezacaftor_ivacaftor,elexacaftor_tezacaftor_ivacaftor,lumacaftor_ivacaftor
7105,responsive,responsive,responsive,responsive
7106,non_responsive,responsive,non_responsive,non_responsive
7107,non_responsive,non_responsive,non_responsive,non_responsive
7108,responsive,responsive,responsive,non_responsive
7109,responsive,responsive,responsive,non_responsive
7110,non_responsive,responsive,responsive,non_responsive
7111,responsive,responsive,responsive,non_responsive
7112,non_responsive,non_responsive,non_responsive,non_responsive
7113,non_responsive,non_responsive,non_responsive,non_responsive
7114,non_responsive,non_responsive,responsive,non_responsive
7115,non_responsive,non_responsive,non_responsive,non_responsive
7116,responsive,responsive,responsive,non_responsive
7117,non_responsive,non_responsive,responsive,non_responsive
7119,non_responsive,non_responsive,responsive,non_responsive
7120,responsive,responsive,responsive,non_responsive
7122,non_responsive,non_responsive,non_responsive,non_responsive
7123,non_responsive,non_responsive,non_responsive,non_responsive
7124,non_responsive,responsive,non_responsive,non_responsive
7125,non_responsive,non_responsive,non_responsive,non_responsive
7126,responsive,responsive,responsive,non_responsive
7127,non_responsive,non_responsive,non_responsive,non_responsive
7128,non_responsive,non_responsive,non_responsive,non_responsive
7129,non_responsive,non_responsive,non_responsive,non_responsive
7130,non_responsive,non_responsive,non_responsive,non_responsive
7131,non_responsive,non_responsive,responsive,non_responsive
7132,non_responsive,non_responsive,non_responsive,non_responsive
7133,non_responsive,non_responsive,non_responsive,non_responsive
7134,non_responsive,non_responsive,non_responsive,non_responsive
7135,non_responsive,non_responsive,non_responsive,non_responsive
7136,non_responsive,responsive,responsive,non_responsive
7137,non_responsive,non_responsive,non_responsive,non_responsive
7138,non_responsive,non_responsive,non_responsive,non_responsive
7139,non_responsive,non_responsive,non_responsive,non_responsive
7140,non_responsive,non_responsive,non_responsive,non_responsive
7141,non_responsive,non_responsive,non_responsive,non_responsive
7142,responsive,responsive,responsive,non_responsive
7143,non_responsive,responsive,responsive,non_responsive
7144,non_responsive,non_responsive,non_responsive,non_responsive
7145,non_responsive,non_responsive,non_responsive,non_responsive
7146,non_responsive,non_responsive,non_responsive,non_responsive
7147,non_responsive,non_responsive,non_responsive,non_responsive
7149,non_responsive,non_responsive,non_responsive,non_responsive
7150,non_responsive,responsive,non_responsive,non_responsive
7151,non_responsive,non_responsive,non_responsive,non_responsive
7152,non_responsive,non_responsive,responsive,non_responsive
7153,responsive,responsive,responsive,non_responsive
7154,non_responsive,non_responsive,non_responsive,non_responsive
7155,non_responsive,non_responsive,responsive,non_responsive
7156,non_responsive,non_responsive,non_responsive,non_responsive
7157,non_responsive,non_responsive,non_responsive,non_responsive
7158,non_responsive,responsive,responsive,non_responsive
7159,responsive,responsive,responsive,non_responsive
7160,non_responsive,non_responsive,non_responsive,non_responsive
7161,non_responsive,non_responsive,non_responsive,non_responsive
7162,non_responsive,responsive,non_responsive,non_responsive
7163,non_responsive,non_responsive,non_responsive,non_responsive
7164,responsive,responsive,responsive,non_responsive
7165,responsive,responsive,responsive,non_responsive
7166,non_responsive,non_responsive,non_responsive,non_responsive
7167,responsive,responsive,responsive,non_responsive
7168,non_responsive,non_responsive,non_responsive,non_responsive
7169,non_responsive,non_responsive,responsive,non_responsive
7170,non_responsive,non_responsive,non_responsive,non_responsive
7171,responsive,responsive,responsive,non_responsive
7172,responsive,responsive,responsive,non_responsive
7173,non_responsive,non_responsive,responsive,non_responsive
7174,non_responsive,non_responsive,non_responsive,non_responsive
7175,non_responsive,non_responsive,non_responsive,non_responsive
7176,non_responsive,non_responsive,non_responsive,non_responsive
7177,non_responsive,non_responsive,non_responsive,non_responsive
7178,non_responsive,non_responsive,non_responsive,non_responsive
7179,non_responsive,non_responsive,non_responsive,non_responsive
7180,non_responsive,non_responsive,non_responsive,non_responsive
7181,non_responsive,responsive,responsive,non_responsive
7182,responsive,responsive,responsive,non_responsive
7183,non_responsive,non_responsive,non_responsive,non_responsive
7184,non_responsive,non_responsive,non_responsive,non_responsive
7185,non_responsive,non_responsive,non_responsive,non_responsive
7186,non_responsive,non_responsive,non_responsive,non_responsive
7187,non_responsive,non_responsive,responsive,non_responsive
7188,non_responsive,non_responsive,non_responsive,non_responsive
7190,responsive,responsive,responsive,non_responsive
7192,responsive,responsive,responsive,non_responsive
7193,responsive,responsive,responsive,non_responsive
7194,non_responsive,non_responsive,non_responsive,non_responsive
7196,non_responsive,non_responsive,responsive,non_responsive
7197,non_responsive,non_responsive,non_responsive,non_responsive
7198,responsive,responsive,responsive,non_responsive
7199,non_responsive,non_responsive,non_responsive,non_responsive
7201,non_responsive,non_responsive,non_responsive,non_responsive
7202,non_responsive,non_responsive,non_responsive,non_responsive
7203,non_responsive,non_responsive,non_responsive,non_responsive
7204,non_responsive,non_responsive,non_responsive,non_responsive
7205,non_responsive,responsive,responsive,non_responsive
7206,non_responsive,non_responsive,non_responsive,non_responsive
7207,non_responsive,non_responsive,non_responsive,non_responsive
7208,non_responsive,responsive,responsive,non_responsive
7209,non_responsive,non_responsive,non_responsive,non_responsive
7210,non_responsive,non_responsive,responsive,non_responsive
7211,non_responsive,non_responsive,non_responsive,non_responsive
7212,non_responsive,non_responsive,non_responsive,non_responsive
7213,non_responsive,non_responsive,non_responsive,non_responsive
7214,non_responsive,non_responsive,non_responsive,non_responsive
7215,non_responsive,non_responsive,responsive,non_responsive
7216,non_responsive,non_responsive,responsive,non_responsive
7217,responsive,responsive,responsive,non_responsive
7218,non_responsive,non_responsive,non_responsive,non_responsive
7219,non_responsive,non_responsive,non_responsive,non_responsive
7220,non_responsive,non_responsive,non_responsive,non_responsive
7221,non_responsive,non_responsive,non_responsive,non_responsive
7222,non_responsive,non_responsive,non_responsive,non_responsive
7223,non_responsive,non_responsive,non_responsive,non_responsive
7224,non_responsive,non_responsive,non_responsive,non_responsive
7225,responsive,responsive,responsive,non_responsive
7228,non_responsive,non_responsive,non_responsive,non_responsive
7229,responsive,responsive,responsive,non_responsive
7230,non_responsive,non_responsive,non_responsive,non_responsive
7231,non_responsive,non_responsive,non_responsive,non_responsive
7232,non_responsive,non_responsive,non_responsive,non_responsive
7235,non_responsive,non_responsive,non_responsive,non_responsive
7236,non_responsive,non_responsive,non_responsive,non_responsive
7237,non_responsive,non_responsive,responsive,non_responsive
7238,non_responsive,non_responsive,responsive,non_responsive
7240,non_responsive,non_responsive,non_responsive,non_responsive
35816,non_responsive,responsive,responsive,non_responsive
35817,non_responsive,non_responsive,non_responsive,non_responsive
35818,non_responsive,non_responsive,non_responsive,non_responsive
35819,non_responsive,non_responsive,non_responsive,non_responsive
35820,non_responsive,non_responsive,non_responsive,non_responsive
35821,non_responsive,non_responsive,responsive,non_responsive
35822,non_responsive,non_responsive,non_responsive,non_responsive
35823,non_responsive,non_responsive,non_responsive,non_responsive
35824,non_responsive,responsive,responsive,non_responsive
35825,non_responsive,non_responsive,responsive,non_responsive
35826,non_responsive,non_responsive,non_responsive,non_responsive
35827,non_responsive,non_responsive,non_responsive,non_responsive
35828,non_responsive,non_responsive,non_responsive,non_responsive
35829,non_responsive,non_responsive,non_responsive,non_responsive
35830,responsive,responsive,responsive,non_responsive
35831,non_responsive,non_responsive,non_responsive,non_responsive
35832,non_responsive,non_responsive,non_responsive,non_responsive
35833,non_responsive,responsive,responsive,non_responsive
35834,non_responsive,non_responsive,non_responsive,non_responsive
35835,responsive,responsive,responsive,non_responsive
35836,non_responsive,non_responsive,non_responsive,non_responsive
35837,non_responsive,non_responsive,non_responsive,non_responsive
35838,non_responsive,non_responsive,non_responsive,non_responsive
35839,responsive,responsive,responsive,non_responsive
35840,responsive,responsive,responsive,non_responsive
35841,non_responsive,non_responsive,responsive,non_responsive
35842,responsive,responsive,responsive,non_responsive
35843,non_responsive,non_responsive,responsive,non_responsive
35844,non_responsive,non_responsive,non_responsive,non_responsive
35845,non_responsive,non_responsive,non_responsive,non_responsive
35846,non_responsive,non_responsive,non_responsive,non_responsive
35847,non_responsive,non_responsive,non_responsive,non_responsive
35848,non_responsive,non_responsive,non_responsive,non_responsive
35849,non_responsive,non_responsive,non_responsive,non_responsive
35850,non_responsive,non_responsive,non_responsive,non_responsive
35851,non_responsive,non_responsive,non_responsive,non_responsive
35852,non_responsive,non_responsive,non_responsive,non_responsive
35853,non_responsive,non_responsive,non_responsive,non_responsive
35854,responsive,responsive,responsive,non_responsive
35855,non_responsive,non_responsive,non_responsive,non_responsive
35857,non_responsive,non_responsive,non_responsive,non_responsive
35858,non_responsive,non_responsive,non_responsive,non_responsive
35859,non_responsive,non_responsive,responsive,non_responsive
35860,responsive,responsive,responsive,non_responsive
35861,responsive,responsive,responsive,non_responsive
35862,non_responsive,non_responsive,non_responsive,non_responsive
35863,non_responsive,non_responsive,non_responsive,non_responsive
35864,non_responsive,non_responsive,non_responsive,non_responsive
35865,responsive,responsive,responsive,non_responsive
35866,responsive,responsive,responsive,non_responsive
35867,responsive,responsive,responsive,non_responsive
35868,non_responsive,non_responsive,non_responsive,non_responsive
35869,non_responsive,non_responsive,non_responsive,non_responsive
35870,non_responsive,non_responsive,non_responsive,non_responsive
35871,non_responsive,non_responsive,non_responsive,non_responsive
35872,non_responsive,non_responsive,responsive,non_responsive
35873,non_responsive,non_responsive,non_responsive,non_responsive
35874,non_responsive,non_responsive,non_responsive,non_responsive
35875,non_responsive,non_responsive,non_responsive,non_responsive
35876,non_responsive,non_responsive,non_responsive,non_responsive
35877,non_responsive,non_responsive,non_responsive,non_responsive
35878,non_responsive,non_responsive,non_responsive,non_responsive
35879,non_responsive,non_responsive,non_responsive,non_responsive
35880,non_responsive,non_responsive,non_responsive,non_responsive
35881,responsive,responsive,responsive,non_responsive
35882,non_responsive,non_responsive,responsive,non_responsive
35883,non_responsive,non_responsive,non_responsive,non_responsive
35884,non_responsive,non_responsive,non_responsive,non_responsive
35885,non_responsive,non_responsive,non_responsive,non_responsive
35886,non_responsive,non_responsive,non_responsive,non_responsive
35887,non_responsive,non_responsive,non_responsive,non_responsive
35888,non_responsive,non_responsive,non_responsive,non_responsive
35889,non_responsive,non_responsive,non_responsive,non_responsive
35890,non_responsive,non_responsive,non_responsive,non_responsive
35891,non_responsive,non_responsive,responsive,non_responsive
35892,non_responsive,non_responsive,non_responsive,non_responsive
35893,non_responsive,non_responsive,responsive,non_responsive
35894,responsive,responsive,responsive,non_responsive
35895,non_responsive,non_responsive,responsive,non_responsive
38480,non_responsive,non_responsive,non_responsive,non_responsive
38493,non_responsive,non_responsive,non_responsive,non_responsive
38494,non_responsive,non_responsive,non_responsive,non_responsive
38497,non_responsive,non_responsive,non_responsive,non_responsive
38726,non_responsive,non_responsive,non_responsive,non_responsive
38728,non_responsive,non_responsive,non_responsive,non_responsive
38730,non_responsive,non_responsive,non_responsive,non_responsive
38733,responsive,responsive,responsive,non_responsive
38735,non_responsive,non_responsive,non_responsive,non_responsive
38737,non_responsive,non_responsive,non_responsive,non_responsive
38799,non_responsive,non_responsive,non_responsive,non_responsive
38833,non_responsive,non_responsive,non_responsive,non_responsive
38850,responsive,responsive,responsive,non_responsive
39516,non_responsive,non_responsive,responsive,non_responsive
40190,responsive,responsive,responsive,non_responsive
43576,non_responsive,non_responsive,non_responsive,non_responsive
43577,non_responsive,non_responsive,non_responsive,non_responsive
43579,non_responsive,non_responsive,non_responsive,non_responsive
43580,non_responsive,non_responsive,responsive,non_responsive
48672,non_responsive,non_responsive,non_responsive,non_responsive
48674,non_responsive,non_responsive,non_responsive,non_responsive
48680,non_responsive,non_responsive,non_responsive,non_responsive
48681,non_responsive,non_responsive,non_responsive,non_responsive
48684,non_responsive,non_responsive,non_responsive,non_responsive
48685,non_responsive,non_responsive,non_responsive,non_responsive
48688,responsive,responsive,responsive,non_responsive
48692,responsive,responsive,responsive,non_responsive
48700,non_responsive,non_responsive,non_responsive,non_responsive
48704,non_responsive,non_responsive,responsive,non_responsive
48708,non_responsive,non_responsive,non_responsive,non_responsive
48714,non_responsive,non_responsive,responsive,non_responsive
51033,non_responsive,non_responsive,non_responsive,non_responsive
53155,non_responsive,non_responsive,non_responsive,non_responsive
53156,non_responsive,non_responsive,non_responsive,non_responsive
53157,non_responsive,non_responsive,non_responsive,non_responsive
53158,non_responsive,non_responsive,non_responsive,non_responsive
53159,non_responsive,responsive,responsive,non_responsive
53160,non_responsive,responsive,responsive,non_responsive
53161,non_responsive,non_responsive,non_responsive,non_responsive
53162,non_responsive,responsive,responsive,non_responsive
53163,non_responsive,non_responsive,non_responsive,non_responsive
53164,non_responsive,non_responsive,non_responsive,non_responsive
53165,non_responsive,non_responsive,non_responsive,non_responsive
53167,non_responsive,non_responsive,responsive,non_responsive
53170,non_responsive,non_responsive,non_responsive,non_responsive
53171,non_responsive,responsive,responsive,non_responsive
53172,non_responsive,non_responsive,non_responsive,non_responsive
53173,non_responsive,non_responsive,responsive,non_responsive
53174,non_responsive,non_responsive,responsive,non_responsive
53175,non_responsive,non_responsive,non_responsive,non_responsive
53176,non_responsive,non_responsive,non_responsive,non_responsive
53177,non_responsive,non_responsive,non_responsive,non_responsive
53179,non_responsive,non_responsive,non_responsive,non_responsive
53180,non_responsive,non_responsive,non_responsive,non_responsive
53181,responsive,responsive,responsive,non_responsive
53183,non_responsive,non_responsive,responsive,non_responsive
53184,non_responsive,non_responsive,responsive,non_responsive
53185,non_responsive,non_responsive,non_responsive,non_responsive
53186,non_responsive,non_responsive,non_responsive,non_responsive
53187,non_responsive,non_responsive,non_responsive,non_responsive
53188,non_responsive,non_responsive,non_responsive,non_responsive
53190,non_responsive,non_responsive,non_responsive,non_responsive
53191,non_responsive,non_responsive,non_responsive,non_responsive
53192,non_responsive,non_responsive,non_responsive,non_responsive
53194,non_responsive,non_responsive,non_responsive,non_responsive
53196,non_responsive,non_responsive,non_responsive,non_responsive
53198,non_responsive,non_responsive,non_responsive,non_responsive
53199,non_responsive,non_responsive,non_responsive,non_responsive
53200,non_responsive,non_responsive,non_responsive,non_responsive
53201,non_responsive,non_responsive,non_responsive,non_responsive
53202,non_responsive,non_responsive,non_responsive,non_responsive
53204,non_responsive,non_responsive,non_responsive,non_responsive
53205,non_responsive,non_responsive,non_responsive,non_responsive
53206,non_responsive,non_responsive,non_responsive,non_responsive
53207,non_responsive,non_responsive,responsive,non_responsive
53208,non_responsive,non_responsive,non_responsive,non_responsive
53210,non_responsive,non_responsive,non_responsive,non_responsive
53211,non_responsive,non_responsive,non_responsive,non_responsive
53212,non_responsive,non_responsive,non_responsive,non_responsive
53213,non_responsive,non_responsive,non_responsive,non_responsive
53214,non_responsive,non_responsive,non_responsive,non_responsive
53215,non_responsive,non_responsive,non_responsive,non_responsive
53216,non_responsive,responsive,responsive,non_responsive
53217,non_responsive,non_responsive,non_responsive,non_responsive
53218,non_responsive,non_responsive,non_responsive,non_responsive
53219,non_responsive,non_responsive,non_responsive,non_responsive
53220,non_responsive,non_responsive,non_responsive,non_responsive
53221,non_responsive,non_responsive,non_responsive,non_responsive
53222,non_responsive,non_responsive,non_responsive,non_responsive
53224,non_responsive,non_responsive,responsive,non_responsive
53225,non_responsive,non_responsive,non_responsive,non_responsive
53226,non_responsive,non_responsive,responsive,non_responsive
53227,non_responsive,non_responsive,non_responsive,non_responsive
53228,non_responsive,non_responsive,responsive,non_responsive
53229,non_responsive,responsive,responsive,non_responsive
53231,non_responsive,non_responsive,non_responsive,non_responsive
53232,non_responsive,non_responsive,responsive,non_responsive
53233,non_responsive,non_responsive,non_responsive,non_responsive
53236,non_responsive,non_responsive,responsive,non_responsive
53237,non_responsive,non_responsive,non_responsive,non_responsive
53238,non_responsive,non_responsive,responsive,non_responsive
53239,non_responsive,non_responsive,non_responsive,non_responsive
53240,non_responsive,non_responsive,responsive,non_responsive
53241,non_responsive,non_responsive,non_responsive,non_responsive
53242,non_responsive,non_responsive,non_responsive,non_responsive
53243,non_responsive,non_responsive,non_responsive,non_responsive
53244,non_responsive,non_responsive,non_responsive,non_responsive
53245,non_responsive,non_responsive,non_responsive,non_responsive
53246,non_responsive,non_responsive,responsive,non_responsive
53247,non_responsive,non_responsive,non_responsive,non_responsive
53248,non_responsive,non_responsive,responsive,non_responsive
53249,non_responsive,non_responsive,non_responsive,non_responsive
53250,non_responsive,non_responsive,non_responsive,non_responsive
53251,non_responsive,non_responsive,non_responsive,non_responsive
53254,non_responsive,non_responsive,responsive,non_responsive
53255,non_responsive,non_responsive,responsive,non_responsive
53256,non_responsive,non_responsive,non_responsive,non_responsive
53257,non_responsive,non_responsive,non_responsive,non_responsive
53258,non_responsive,non_responsive,non_responsive,non_responsive
53259,non_responsive,non_responsive,non_responsive,non_responsive
53261,non_responsive,non_responsive,responsive,non_responsive
53262,non_responsive,non_responsive,non_responsive,non_responsive
53263,non_responsive,non_responsive,responsive,non_responsive
53265,non_responsive,non_responsive,non_responsive,non_responsive
53266,non_responsive,non_responsive,responsive,non_responsive
53268,non_responsive,non_responsive,responsive,non_responsive
53269,non_responsive,non_responsive,non_responsive,non_responsive
53270,non_responsive,non_responsive,responsive,non_responsive
53271,non_responsive,non_responsive,non_responsive,non_responsive
53272,non_responsive,non_responsive,responsive,non_responsive
53273,non_responsive,non_responsive,non_responsive,non_responsive
53274,non_responsive,non_responsive,non_responsive,non_responsive
53275,non_responsive,non_responsive,responsive,non_responsive
53276,non_responsive,non_responsive,non_responsive,non_responsive
53277,non_responsive,non_responsive,non_responsive,non_responsive
53278,non_responsive,non_responsive,non_responsive,non_responsive
53280,non_responsive,non_responsive,non_responsive,non_responsive
53282,non_responsive,non_responsive,non_responsive,non_responsive
53284,non_responsive,non_responsive,non_responsive,non_responsive
53285,non_responsive,non_responsive,non_responsive,non_responsive
53286,non_responsive,non_responsive,non_responsive,non_responsive
53287,non_responsive,non_responsive,non_responsive,non_responsive
53289,non_responsive,non_responsive,non_responsive,non_responsive
53290,non_responsive,non_responsive,non_responsive,non_responsive
53291,non_responsive,non_responsive,non_responsive,non_responsive
53293,non_responsive,non_responsive,responsive,non_responsive
53294,non_responsive,non_responsive,non_responsive,non_responsive
53295,non_responsive,non_responsive,non_responsive,non_responsive
53297,non_responsive,non_responsive,non_responsive,non_responsive
53298,non_responsive,non_responsive,non_responsive,non_responsive
53300,non_responsive,non_responsive,non_responsive,non_responsive
53302,non_responsive,non_responsive,non_responsive,non_responsive
53303,non_responsive,non_responsive,non_responsive,non_responsive
53304,non_responsive,non_responsive,non_responsive,non_responsive
53305,non_responsive,non_responsive,non_responsive,non_responsive
53306,non_responsive,non_responsive,non_responsive,non_responsive
53308,non_responsive,non_responsive,non_responsive,non_responsive
53309,non_responsive,non_responsive,non_responsive,non_responsive
53310,non_responsive,non_responsive,non_responsive,non_responsive
53311,non_responsive,non_responsive,non_responsive,non_responsive
53312,non_responsive,non_responsive,non_responsive,non_responsive
53314,non_responsive,non_responsive,non_responsive,non_responsive
53315,non_responsive,non_responsive,non_responsive,non_responsive
53317,non_responsive,non_responsive,non_responsive,non_responsive
53319,non_responsive,non_responsive,non_responsive,non_responsive
53320,non_responsive,non_responsive,non_responsive,non_responsive
53321,non_responsive,non_responsive,non_responsive,non_responsive
53322,non_responsive,non_responsive,non_responsive,non_responsive
53323,non_responsive,non_responsive,non_responsive,non_responsive
53324,non_responsive,non_responsive,responsive,non_responsive
53325,responsive,responsive,responsive,non_responsive
53326,non_responsive,non_responsive,non_responsive,non_responsive
53327,non_responsive,non_responsive,non_responsive,non_responsive
53330,non_responsive,non_responsive,non_responsive,non_responsive
53331,non_responsive,non_responsive,non_responsive,non_responsive
53332,non_responsive,non_responsive,non_responsive,non_responsive
53333,non_responsive,non_responsive,non_responsive,non_responsive
53334,non_responsive,non_responsive,non_responsive,non_responsive
53335,non_responsive,non_responsive,non_responsive,non_responsive
53336,non_responsive,non_responsive,non_responsive,non_responsive
53337,non_responsive,non_responsive,non_responsive,non_responsive
53338,non_responsive,non_responsive,non_responsive,non_responsive
53339,non_responsive,non_responsive,non_responsive,non_responsive
53341,non_responsive,non_responsive,responsive,non_responsive
53342,non_responsive,non_responsive,non_responsive,non_responsive
53343,non_responsive,non_responsive,non_responsive,non_responsive
53344,non_responsive,non_responsive,responsive,non_responsive
53346,non_responsive,non_responsive,non_responsive,non_responsive
53347,non_responsive,non_responsive,non_responsive,non_responsive
53348,non_responsive,non_responsive,non_responsive,non_responsive
53349,non_responsive,non_responsive,non_responsive,non_responsive
53350,non_responsive,non_responsive,non_responsive,non_responsive
53351,non_responsive,non_responsive,non_responsive,non_responsive
53352,non_responsive,non_responsive,non_responsive,non_responsive
53353,non_responsive,non_responsive,non_responsive,non_responsive
53354,non_responsive,non_responsive,non_responsive,non_responsive
53355,non_responsive,non_responsive,non_responsive,non_responsive
53356,non_responsive,non_responsive,non_responsive,non_responsive
53357,non_responsive,non_responsive,non_responsive,non_responsive
53358,non_responsive,non_responsive,non_responsive,non_responsive
53359,non_responsive,non_responsive,non_responsive,non_responsive
53360,non_responsive,non_responsive,non_responsive,non_responsive
53361,non_responsive,non_responsive,non_responsive,non_responsive
53362,non_responsive,non_responsive,non_responsive,non_responsive
53363,non_responsive,non_responsive,non_responsive,non_responsive
53365,responsive,responsive,responsive,non_responsive
53366,non_responsive,non_responsive,non_responsive,non_responsive
53367,non_responsive,non_responsive,non_responsive,non_responsive
53368,non_responsive,non_responsive,non_responsive,non_responsive
53370,non_responsive,non_responsive,non_responsive,non_responsive
53371,non_responsive,non_responsive,non_responsive,non_responsive
53373,non_responsive,non_responsive,non_responsive,non_responsive
53374,non_responsive,non_responsive,non_responsive,non_responsive
53375,non_responsive,responsive,responsive,non_responsive
53376,non_responsive,non_responsive,non_responsive,non_responsive
53377,non_responsive,non_responsive,non_responsive,non_responsive
53378,non_responsive,non_responsive,non_responsive,non_responsive
53379,non_responsive,non_responsive,non_responsive,non_responsive
53380,non_responsive,non_responsive,non_responsive,non_responsive
53381,non_responsive,non_responsive,non_responsive,non_responsive
53382,responsive,responsive,responsive,non_responsive
53383,non_responsive,non_responsive,non_responsive,non_responsive
53384,non_responsive,non_responsive,responsive,non_responsive
53385,non_responsive,non_responsive,non_responsive,non_responsive
53386,non_responsive,responsive,responsive,non_responsive
53388,non_responsive,non_responsive,non_responsive,non_responsive
53390,non_responsive,non_responsive,non_responsive,non_responsive
53391,non_responsive,responsive,responsive,non_responsive
53392,non_responsive,non_responsive,non_responsive,non_responsive
53393,non_responsive,non_responsive,responsive,non_responsive
53394,non_responsive,non_responsive,non_responsive,non_responsive
53395,non_responsive,non_responsive,non_responsive,non_responsive
53396,non_responsive,non_responsive,non_responsive,non_responsive
53397,non_responsive,non_responsive,non_responsive,non_responsive
53398,non_responsive,non_responsive,non_responsive,non_responsive
53399,non_responsive,non_responsive,responsive,non_responsive
53400,non_responsive,non_responsive,non_responsive,non_responsive
53401,non_responsive,non_responsive,non_responsive,non_responsive
53403,non_responsive,responsive,responsive,non_responsive
53404,non_responsive,responsive,responsive,non_responsive
53405,non_responsive,non_responsive,responsive,non_responsive
53406,non_responsive,non_responsive,responsive,non_responsive
53407,non_responsive,non_responsive,responsive,non_responsive
53408,non_responsive,non_responsive,responsive,non_responsive
53409,non_responsive,non_responsive,responsive,non_responsive
53410,non_responsive,non_responsive,non_responsive,non_responsive
53411,non_responsive,non_responsive,responsive,non_responsive
53413,non_responsive,non_responsive,non_responsive,non_responsive
53415,non_responsive,non_responsive,non_responsive,non_responsive
53416,non_responsive,non_responsive,non_responsive,non_responsive
53417,non_responsive,non_responsive,non_responsive,non_responsive
53418,non_responsive,non_responsive,non_responsive,non_responsive
53419,non_responsive,non_responsive,non_responsive,non_responsive
53421,non_responsive,non_responsive,non_responsive,non_responsive
53422,non_responsive,non_responsive,non_responsive,non_responsive
53423,non_responsive,non_responsive,non_responsive,non_responsive
53425,responsive,responsive,responsive,non_responsive
53427,non_responsive,non_responsive,non_responsive,non_responsive
53428,non_responsive,non_responsive,non_responsive,non_responsive
53429,non_responsive,non_responsive,non_responsive,non_responsive
53430,non_responsive,non_responsive,non_responsive,non_responsive
53431,non_responsive,non_responsive,non_responsive,non_responsive
53432,non_responsive,non_responsive,non_responsive,non_responsive
53434,non_responsive,non_responsive,non_responsive,non_responsive
53435,non_responsive,non_responsive,non_responsive,non_responsive
53436,non_responsive,non_responsive,responsive,non_responsive
53437,non_responsive,non_responsive,non_responsive,non_responsive
53438,non_responsive,non_responsive,non_responsive,non_responsive
53439,non_responsive,non_responsive,non_responsive,non_responsive
53440,non_responsive,non_responsive,non_responsive,non_responsive
53441,non_responsive,non_responsive,responsive,non_responsive
53442,non_responsive,non_responsive,non_responsive,non_responsive
53443,non_responsive,non_responsive,non_responsive,non_responsive
53444,non_responsive,non_responsive,non_responsive,non_responsive
53445,non_responsive,non_responsive,non_responsive,non_responsive
53447,non_responsive,non_responsive,non_responsive,non_responsive
53448,non_responsive,non_responsive,non_responsive,non_responsive
53449,non_responsive,non_responsive,non_responsive,non_responsive
53450,non_responsive,non_responsive,non_responsive,non_responsive
53451,non_responsive,non_responsive,non_responsive,non_responsive
53452,non_responsive,non_responsive,non_responsive,non_responsive
53453,non_responsive,non_responsive,non_responsive,non_responsive
53454,responsive,responsive,responsive,non_responsive
53455,non_responsive,non_responsive,non_responsive,non_responsive
53456,non_responsive,responsive,responsive,non_responsive
53457,non_responsive,non_responsive,non_responsive,non_responsive
53459,non_responsive,non_responsive,non_responsive,non_responsive
53460,non_responsive,non_responsive,responsive,non_responsive
53461,non_responsive,non_responsive,responsive,non_responsive
53463,non_responsive,non_responsive,non_responsive,non_responsive
53464,non_responsive,non_responsive,non_responsive,non_responsive
53465,responsive,responsive,responsive,non_responsive
53467,non_responsive,non_responsive,non_responsive,non_responsive
53471,non_responsive,non_responsive,non_responsive,non_responsive
53472,non_responsive,non_responsive,non_responsive,non_responsive
53473,non_responsive,non_responsive,non_responsive,non_responsive
53474,non_responsive,non_responsive,non_responsive,non_responsive
53475,non_responsive,non_responsive,non_responsive,non_responsive
53476,non_responsive,non_responsive,non_responsive,non_responsive
53479,non_responsive,non_responsive,non_responsive,non_responsive
53480,non_responsive,non_responsive,non_responsive,non_responsive
53482,non_responsive,non_responsive,non_responsive,non_responsive
53483,non_responsive,non_responsive,non_responsive,non_responsive
53484,non_responsive,non_responsive,non_responsive,non_responsive
53485,non_responsive,non_responsive,non_responsive,non_responsive
53486,non_responsive,non_responsive,non_responsive,non_responsive
53487,non_responsive,non_responsive,responsive,non_responsive
53488,non_responsive,non_responsive,responsive,non_responsive
53490,non_responsive,non_responsive,non_responsive,non_responsive
53491,responsive,responsive,responsive,non_responsive
53492,non_responsive,non_responsive,non_responsive,non_responsive
53494,non_responsive,non_responsive,non_responsive,non_responsive
53495,non_responsive,non_responsive,non_responsive,non_responsive
53496,non_responsive,non_responsive,non_responsive,non_responsive
53501,non_responsive,non_responsive,non_responsive,non_responsive
53502,non_responsive,non_responsive,non_responsive,non_responsive
53503,non_responsive,non_responsive,non_responsive,non_responsive
53504,non_responsive,non_responsive,non_responsive,non_responsive
53505,non_responsive,responsive,responsive,non_responsive
53506,non_responsive,non_responsive,non_responsive,non_responsive
53507,non_responsive,non_responsive,non_responsive,non_responsive
53508,non_responsive,non_responsive,non_responsive,non_responsive
53509,non_responsive,non_responsive,non_responsive,non_responsive
53510,non_responsive,non_responsive,non_responsive,non_responsive
53511,non_responsive,non_responsive,responsive,non_responsive
53513,non_responsive,non_responsive,non_responsive,non_responsive
53515,non_responsive,non_responsive,non_responsive,non_responsive
53516,non_responsive,non_responsive,non_responsive,non_responsive
53517,non_responsive,non_responsive,non_responsive,non_responsive
53518,non_responsive,non_responsive,non_responsive,non_responsive
53519,non_responsive,non_responsive,non_responsive,non_responsive
53520,non_responsive,non_responsive,responsive,non_responsive
53521,non_responsive,non_responsive,non_responsive,non_responsive
53524,non_responsive,non_responsive,non_responsive,non_responsive
53525,non_responsive,non_responsive,non_responsive,non_responsive
53526,non_responsive,non_responsive,non_responsive,non_responsive
53528,non_responsive,non_responsive,non_responsive,non_responsive
53529,non_responsive,non_responsive,non_responsive,non_responsive
53530,non_responsive,non_responsive,non_responsive,non_responsive
53532,non_responsive,non_responsive,non_responsive,non_responsive
53533,non_responsive,non_responsive,responsive,non_responsive
53534,non_responsive,non_responsive,non_responsive,non_responsive
53535,non_responsive,non_responsive,non_responsive,non_responsive
53536,non_responsive,non_responsive,non_responsive,non_responsive
53539,non_responsive,non_responsive,non_responsive,non_responsive
53540,non_responsive,non_responsive,non_responsive,non_responsive
53541,non_responsive,non_responsive,responsive,non_responsive
53542,non_responsive,non_responsive,non_responsive,non_responsive
53543,non_responsive,non_responsive,non_responsive,non_responsive
53545,non_responsive,non_responsive,non_responsive,non_responsive
53546,non_responsive,non_responsive,non_responsive,non_responsive
53547,non_responsive,non_responsive,non_responsive,non_responsive
53548,non_responsive,non_responsive,responsive,non_responsive
53549,non_responsive,non_responsive,non_responsive,non_responsive
53550,non_responsive,non_responsive,non_responsive,non_responsive
53552,non_responsive,non_responsive,non_responsive,non_responsive
53554,non_responsive,non_responsive,non_responsive,non_responsive
53555,non_responsive,non_responsive,non_responsive,non_responsive
53556,non_responsive,non_responsive,non_responsive,non_responsive
53558,non_responsive,non_responsive,non_responsive,non_responsive
53559,non_responsive,non_responsive,non_responsive,non_responsive
53560,non_responsive,non_responsive,responsive,non_responsive
53561,non_responsive,non_responsive,responsive,non_responsive
53562,non_responsive,non_responsive,responsive,non_responsive
53563,non_responsive,non_responsive,non_responsive,non_responsive
53564,non_responsive,non_responsive,non_responsive,non_responsive
53565,responsive,responsive,responsive,non_responsive
53566,non_responsive,non_responsive,non_responsive,non_responsive
53567,non_responsive,non_responsive,non_responsive,non_responsive
53568,non_responsive,non_responsive,responsive,non_responsive
53569,responsive,responsive,responsive,non_responsive
53570,non_responsive,non_responsive,non_responsive,non_responsive
53571,non_responsive,non_responsive,non_responsive,non_responsive
53572,non_responsive,non_responsive,non_responsive,non_responsive
53573,responsive,responsive,responsive,non_responsive
53574,non_responsive,non_responsive,non_responsive,non_responsive
53575,responsive,responsive,responsive,non_responsive
53577,non_responsive,non_responsive,non_responsive,non_responsive
53578,non_responsive,non_responsive,responsive,non_responsive
53579,responsive,responsive,responsive,non_responsive
53580,responsive,responsive,responsive,non_responsive
53581,non_responsive,non_responsive,non_responsive,non_responsive
53582,non_responsive,non_responsive,responsive,non_responsive
53583,non_responsive,non_responsive,non_responsive,non_responsive
53584,non_responsive,non_responsive,non_responsive,non_responsive
53585,non_responsive,non_responsive,non_responsive,non_responsive
53587,non_responsive,non_responsive,non_responsive,non_responsive
53589,non_responsive,non_responsive,responsive,non_responsive
53590,responsive,responsive,non_responsive,non_responsive
53592,non_responsive,non_responsive,non_responsive,non_responsive
53594,non_responsive,non_responsive,non_responsive,non_responsive
53595,non_responsive,non_responsive,non_responsive,non_responsive
53596,non_responsive,non_responsive,responsive,non_responsive
53598,non_responsive,non_responsive,non_responsive,non_responsive
53599,non_responsive,non_responsive,non_responsive,non_responsive
53600,non_responsive,non_responsive,non_responsive,non_responsive
53601,responsive,responsive,responsive,non_responsive
53602,non_responsive,non_responsive,responsive,non_responsive
53603,non_responsive,responsive,responsive,non_responsive
53604,non_responsive,responsive,responsive,non_responsive
53605,non_responsive,non_responsive,responsive,non_responsive
53606,non_responsive,responsive,responsive,non_responsive
53610,non_responsive,non_responsive,non_responsive,non_responsive
53611,non_responsive,non_responsive,responsive,non_responsive
53612,non_responsive,non_responsive,non_responsive,non_responsive
53613,non_responsive,non_responsive,non_responsive,non_responsive
53614,non_responsive,non_responsive,non_responsive,non_responsive
53615,non_responsive,non_responsive,non_responsive,non_responsive
53616,non_responsive,non_responsive,non_responsive,non_responsive
53618,non_responsive,non_responsive,non_responsive,non_responsive
53619,non_responsive,non_responsive,non_responsive,non_responsive
53620,non_responsive,non_responsive,non_responsive,non_responsive
53621,non_responsive,non_responsive,non_responsive,non_responsive
53622,non_responsive,non_responsive,non_responsive,non_responsive
53623,non_responsive,non_responsive,non_responsive,non_responsive
53624,non_responsive,non_responsive,non_responsive,non_responsive
53625,non_responsive,non_responsive,non_responsive,non_responsive
53626,non_responsive,non_responsive,non_responsive,non_responsive
53627,non_responsive,responsive,responsive,non_responsive
53628,non_responsive,non_responsive,non_responsive,non_responsive
53629,non_responsive,non_responsive,non_responsive,non_responsive
53630,non_responsive,non_responsive,responsive,non_responsive
53631,non_responsive,non_responsive,non_responsive,non_responsive
53633,non_responsive,non_responsive,non_responsive,non_responsive
53634,non_responsive,non_responsive,responsive,non_responsive
53635,non_responsive,non_responsive,non_responsive,non_responsive
53636,non_responsive,non_responsive,non_responsive,non_responsive
53637,non_responsive,non_responsive,non_responsive,non_responsive
53638,responsive,responsive,responsive,non_responsive
53640,non_responsive,responsive,responsive,non_responsive
53642,non_responsive,non_responsive,non_responsive,non_responsive
53643,non_responsive,non_responsive,non_responsive,non_responsive
53645,non_responsive,non_responsive,non_responsive,non_responsive
53646,non_responsive,non_responsive,non_responsive,non_responsive
53647,non_responsive,non_responsive,non_responsive,non_responsive
53648,non_responsive,non_responsive,non_responsive,non_responsive
53650,non_responsive,non_responsive,non_responsive,non_responsive
53652,non_responsive,responsive,responsive,non_responsive
53653,non_responsive,non_responsive,non_responsive,non_responsive
53654,non_responsive,non_responsive,non_responsive,non_responsive
53655,non_responsive,non_responsive,non_responsive,non_responsive
53656,non_responsive,non_responsive,non_responsive,non_responsive
53657,non_responsive,non_responsive,non_responsive,non_responsive
53658,non_responsive,non_responsive,non_responsive,non_responsive
53659,non_responsive,non_responsive,responsive,non_responsive
53660,non_responsive,non_responsive,non_responsive,non_responsive
53661,non_responsive,non_responsive,non_responsive,non_responsive
53662,non_responsive,non_responsive,non_responsive,non_responsive
53665,non_responsive,non_responsive,responsive,non_responsive
53666,responsive,responsive,responsive,non_responsive
53667,non_responsive,responsive,responsive,non_responsive
53668,non_responsive,non_responsive,non_responsive,non_responsive
53669,non_responsive,non_responsive,non_responsive,non_responsive
53670,non_responsive,non_responsive,non_responsive,non_responsive
53671,responsive,responsive,responsive,non_responsive
53672,non_responsive,non_responsive,responsive,non_responsive
53674,non_responsive,non_responsive,non_responsive,non_responsive
53676,non_responsive,non_responsive,responsive,non_responsive
53677,non_responsive,non_responsive,non_responsive,non_responsive
53678,non_responsive,non_responsive,non_responsive,non_responsive
53679,non_responsive,non_responsive,responsive,non_responsive
53680,non_responsive,non_responsive,non_responsive,non_responsive
53682,non_responsive,non_responsive,non_responsive,non_responsive
53683,non_responsive,non_responsive,responsive,non_responsive
53684,responsive,responsive,responsive,non_responsive
53685,responsive,responsive,responsive,non_responsive
53686,non_responsive,non_responsive,responsive,non_responsive
53687,non_responsive,non_responsive,non_responsive,non_responsive
53688,responsive,responsive,responsive,non_responsive
53689,non_responsive,non_responsive,non_responsive,non_responsive
53690,non_responsive,responsive,responsive,non_responsive
53692,non_responsive,non_responsive,responsive,non_responsive
53693,non_responsive,non_responsive,non_responsive,non_responsive
53694,non_responsive,non_responsive,responsive,non_responsive
53695,non_responsive,responsive,responsive,non_responsive
53696,non_responsive,non_responsive,non_responsive,non_responsive
53697,non_responsive,non_responsive,responsive,non_responsive
53698,non_responsive,non_responsive,non_responsive,non_responsive
53699,non_responsive,non_responsive,non_responsive,non_responsive
53701,non_responsive,non_responsive,non_responsive,non_responsive
53702,non_responsive,non_responsive,non_responsive,non_responsive
53703,non_responsive,non_responsive,non_responsive,non_responsive
53705,non_responsive,non_responsive,non_responsive,non_responsive
53706,non_responsive,non_responsive,non_responsive,non_responsive
53707,non_responsive,non_responsive,non_responsive,non_responsive
53708,non_responsive,non_responsive,non_responsive,non_responsive
53709,non_responsive,non_responsive,responsive,non_responsive
53711,non_responsive,non_responsive,non_responsive,non_responsive
53712,non_responsive,non_responsive,non_responsive,non_responsive
53713,non_responsive,non_responsive,non_responsive,non_responsive
53714,responsive,responsive,responsive,non_responsive
53715,non_responsive,non_responsive,non_responsive,non_responsive
53716,non_responsive,non_responsive,non_responsive,non_responsive
53717,non_responsive,non_responsive,non_responsive,non_responsive
53718,non_responsive,non_responsive,non_responsive,non_responsive
53719,non_responsive,non_responsive,non_responsive,non_responsive
53720,non_responsive,non_responsive,responsive,non_responsive
53721,non_responsive,non_responsive,non_responsive,non_responsive
53722,non_responsive,non_responsive,responsive,non_responsive
53725,non_responsive,non_responsive,non_responsive,non_responsive
53726,non_responsive,non_responsive,responsive,non_responsive
53728,non_responsive,non_responsive,non_responsive,non_responsive
53730,non_responsive,non_responsive,non_responsive,non_responsive
53732,non_responsive,non_responsive,non_responsive,non_responsive
53733,non_responsive,non_responsive,responsive,non_responsive
53735,non_responsive,non_responsive,responsive,non_responsive
53736,responsive,responsive,responsive,non_responsive
53737,non_responsive,non_responsive,non_responsive,non_responsive
53738,non_responsive,non_responsive,non_responsive,non_responsive
53739,non_responsive,non_responsive,non_responsive,non_responsive
53740,non_responsive,non_responsive,non_responsive,non_responsive
53741,non_responsive,non_responsive,non_responsive,non_responsive
53742,non_responsive,non_responsive,non_responsive,non_responsive
53743,non_responsive,non_responsive,non_responsive,non_responsive
53745,non_responsive,non_responsive,non_responsive,non_responsive
53747,non_responsive,responsive,responsive,non_responsive
53748,non_responsive,non_responsive,non_responsive,non_responsive
53749,non_responsive,non_responsive,non_responsive,non_responsive
53750,non_responsive,non_responsive,non_responsive,non_responsive
53751,non_responsive,non_responsive,non_responsive,non_responsive
53752,non_responsive,non_responsive,non_responsive,non_responsive
53754,non_responsive,responsive,responsive,non_responsive
53756,responsive,responsive,responsive,non_responsive
53757,responsive,responsive,responsive,non_responsive
53758,non_responsive,non_responsive,non_responsive,non_responsive
53759,non_responsive,non_responsive,non_responsive,non_responsive
53761,non_responsive,non_responsive,non_responsive,non_responsive
53762,responsive,responsive,responsive,non_responsive
53763,non_responsive,non_responsive,responsive,non_responsive
53764,responsive,responsive,responsive,non_responsive
53765,responsive,responsive,responsive,non_responsive
53766,non_responsive,non_responsive,non_responsive,non_responsive
53767,non_responsive,non_responsive,non_responsive,non_responsive
53769,non_responsive,non_responsive,non_responsive,non_responsive
53770,non_responsive,non_responsive,non_responsive,non_responsive
53774,responsive,responsive,responsive,non_responsive
53775,non_responsive,non_responsive,non_responsive,non_responsive
53776,non_responsive,non_responsive,non_responsive,non_responsive
53777,non_responsive,non_responsive,non_responsive,non_responsive
53778,non_responsive,non_responsive,responsive,non_responsive
53779,non_responsive,non_responsive,non_responsive,non_responsive
53780,non_responsive,non_responsive,non_responsive,non_responsive
53781,non_responsive,non_responsive,non_responsive,non_responsive
53782,non_responsive,non_responsive,non_responsive,non_responsive
53783,non_responsive,non_responsive,non_responsive,non_responsive
53786,non_responsive,non_responsive,non_responsive,non_responsive
53787,non_responsive,non_responsive,responsive,non_responsive
53788,non_responsive,non_responsive,non_responsive,non_responsive
53789,non_responsive,non_responsive,non_responsive,non_responsive
53790,non_responsive,non_responsive,non_responsive,non_responsive
53791,non_responsive,non_responsive,non_responsive,non_responsive
53792,non_responsive,non_responsive,non_responsive,non_responsive
53793,non_responsive,non_responsive,non_responsive,non_responsive
53794,non_responsive,non_responsive,non_responsive,non_responsive
53795,non_responsive,responsive,responsive,non_responsive
53796,non_responsive,non_responsive,responsive,non_responsive
53797,responsive,responsive,responsive,non_responsive
53798,non_responsive,non_responsive,responsive,non_responsive
53799,non_responsive,non_responsive,responsive,non_responsive
53801,responsive,responsive,responsive,non_responsive
53802,non_responsive,non_responsive,responsive,non_responsive
53803,non_responsive,non_responsive,non_responsive,non_responsive
53805,non_responsive,non_responsive,responsive,non_responsive
53806,non_responsive,non_responsive,non_responsive,non_responsive
53808,non_responsive,non_responsive,non_responsive,non_responsive
53809,non_responsive,non_responsive,non_responsive,non_responsive
53812,non_responsive,responsive,responsive,non_responsive
53813,non_responsive,non_responsive,non_responsive,non_responsive
53815,non_responsive,non_responsive,non_responsive,non_responsive
53816,non_responsive,non_responsive,non_responsive,non_responsive
53817,non_responsive,non_responsive,non_responsive,non_responsive
53818,non_responsive,non_responsive,non_responsive,non_responsive
53819,non_responsive,non_responsive,non_responsive,non_responsive
53820,responsive,responsive,responsive,non_responsive
53821,non_responsive,non_responsive,responsive,non_responsive
53822,non_responsive,non_responsive,non_responsive,non_responsive
53823,non_responsive,non_responsive,non_responsive,non_responsive
53824,non_responsive,non_responsive,non_responsive,non_responsive
53825,non_responsive,non_responsive,non_responsive,non_responsive
53826,non_responsive,non_responsive,non_responsive,non_responsive
53827,responsive,responsive,responsive,non_responsive
53828,non_responsive,non_responsive,non_responsive,non_responsive
53829,non_responsive,non_responsive,non_responsive,non_responsive
53830,non_responsive,non_responsive,non_responsive,non_responsive
53831,non_responsive,non_responsive,non_responsive,non_responsive
53832,non_responsive,non_responsive,non_responsive,non_responsive
53833,non_responsive,non_responsive,non_responsive,non_responsive
53834,non_responsive,non_responsive,non_responsive,non_responsive
53836,non_responsive,non_responsive,non_responsive,non_responsive
53838,non_responsive,non_responsive,non_responsive,non_responsive
53839,non_responsive,non_responsive,non_responsive,non_responsive
53841,non_responsive,non_responsive,non_responsive,non_responsive
53842,non_responsive,non_responsive,non_responsive,non_responsive
53843,non_responsive,non_responsive,non_responsive,non_responsive
53844,non_responsive,non_responsive,responsive,non_responsive
53845,non_responsive,non_responsive,responsive,non_responsive
53846,non_responsive,non_responsive,responsive,non_responsive
53847,non_responsive,non_responsive,non_responsive,non_responsive
53848,non_responsive,non_responsive,non_responsive,non_responsive
53850,non_responsive,non_responsive,non_responsive,non_responsive
53851,non_responsive,non_responsive,non_responsive,non_responsive
53852,non_responsive,non_responsive,non_responsive,non_responsive
53853,non_responsive,non_responsive,non_responsive,non_responsive
53854,non_responsive,non_responsive,non_responsive,non_responsive
53856,non_responsive,non_responsive,non_responsive,non_responsive
53857,non_responsive,non_responsive,responsive,non_responsive
53858,non_responsive,non_responsive,responsive,non_responsive
53859,non_responsive,non_responsive,non_responsive,non_responsive
53860,non_responsive,non_responsive,non_responsive,non_responsive
53862,non_responsive,non_responsive,non_responsive,non_responsive
53863,non_responsive,non_responsive,non_responsive,non_responsive
53864,non_responsive,non_responsive,non_responsive,non_responsive
53865,non_responsive,responsive,responsive,non_responsive
53866,non_responsive,non_responsive,non_responsive,non_responsive
53867,non_responsive,non_responsive,non_responsive,non_responsive
53868,non_responsive,non_responsive,non_responsive,non_responsive
53869,non_responsive,non_responsive,non_responsive,non_responsive
53870,non_responsive,non_responsive,non_responsive,non_responsive
53871,non_responsive,non_responsive,non_responsive,non_responsive
53872,non_responsive,responsive,responsive,non_responsive
53873,non_responsive,non_responsive,non_responsive,non_responsive
53874,non_responsive,non_responsive,non_responsive,non_responsive
53875,non_responsive,non_responsive,non_responsive,non_responsive
53876,non_responsive,non_responsive,non_responsive,non_responsive
53878,non_responsive,non_responsive,non_responsive,non_responsive
53879,non_responsive,non_responsive,non_responsive,non_responsive
53880,non_responsive,non_responsive,non_responsive,non_responsive
53881,non_responsive,non_responsive,non_responsive,non_responsive
53883,non_responsive,non_responsive,non_responsive,non_responsive
53885,non_responsive,non_responsive,non_responsive,non_responsive
53886,non_responsive,non_responsive,non_responsive,non_responsive
53887,non_responsive,non_responsive,non_responsive,non_responsive
53888,non_responsive,non_responsive,non_responsive,non_responsive
53889,non_responsive,non_responsive,non_responsive,non_responsive
53891,non_responsive,non_responsive,non_responsive,non_responsive
53893,non_responsive,non_responsive,non_responsive,non_responsive
53894,non_responsive,non_responsive,responsive,non_responsive
53895,responsive,responsive,responsive,non_responsive
53896,non_responsive,non_responsive,responsive,non_responsive
53898,non_responsive,non_responsive,non_responsive,non_responsive
53900,non_responsive,non_responsive,responsive,non_responsive
53901,non_responsive,non_responsive,non_responsive,non_responsive
53902,non_responsive,non_responsive,non_responsive,non_responsive
53903,non_responsive,non_responsive,non_responsive,non_responsive
53905,non_responsive,non_responsive,non_responsive,non_responsive
53907,non_responsive,non_responsive,non_responsive,non_responsive
53908,non_responsive,non_responsive,non_responsive,non_responsive
53909,non_responsive,non_responsive,responsive,non_responsive
53910,non_responsive,non_responsive,responsive,non_responsive
53912,non_responsive,non_responsive,responsive,non_responsive
53913,non_responsive,non_responsive,non_responsive,non_responsive
53914,non_responsive,non_responsive,non_responsive,non_responsive
53916,non_responsive,non_responsive,non_responsive,non_responsive
53917,non_responsive,non_responsive,non_responsive,non_responsive
53918,non_responsive,non_responsive,non_responsive,non_responsive
53919,non_responsive,non_responsive,non_responsive,non_responsive
53921,non_responsive,non_responsive,non_responsive,non_responsive
53923,non_responsive,non_responsive,responsive,non_responsive
53924,non_responsive,non_responsive,responsive,non_responsive
53925,non_responsive,non_responsive,non_responsive,non_responsive
53926,non_responsive,non_responsive,non_responsive,non_responsive
53927,non_responsive,non_responsive,non_responsive,non_responsive
53928,non_responsive,non_responsive,non_responsive,non_responsive
53929,non_responsive,non_responsive,non_responsive,non_responsive
53930,non_responsive,non_responsive,non_responsive,non_responsive
53933,non_responsive,non_responsive,non_responsive,non_responsive
53934,non_responsive,non_responsive,non_responsive,non_responsive
53937,non_responsive,non_responsive,non_responsive,non_responsive
53939,non_responsive,non_responsive,non_responsive,non_responsive
53940,non_responsive,non_responsive,responsive,non_responsive
53941,non_responsive,non_responsive,responsive,non_responsive
53944,non_responsive,non_responsive,non_responsive,non_responsive
53945,non_responsive,non_responsive,responsive,non_responsive
53946,non_responsive,non_responsive,non_responsive,non_responsive
53947,non_responsive,non_responsive,non_responsive,non_responsive
53948,non_responsive,non_responsive,non_responsive,non_responsive
53949,non_responsive,non_responsive,responsive,non_responsive
53951,non_responsive,non_responsive,responsive,non_responsive
53953,non_responsive,non_responsive,responsive,non_responsive
53954,non_responsive,non_responsive,non_responsive,non_responsive
53955,responsive,responsive,responsive,non_responsive
53956,non_responsive,non_responsive,non_responsive,non_responsive
53957,non_responsive,non_responsive,responsive,non_responsive
53959,non_responsive,non_responsive,non_responsive,non_responsive
53962,non_responsive,non_responsive,responsive,non_responsive
53964,non_responsive,non_responsive,non_responsive,non_responsive
53965,non_responsive,non_responsive,responsive,non_responsive
53967,non_responsive,non_responsive,responsive,non_responsive
53968,non_responsive,non_responsive,responsive,non_responsive
53969,non_responsive,non_responsive,non_responsive,non_responsive
53970,non_responsive,non_responsive,non_responsive,non_responsive
53971,non_responsive,non_responsive,non_responsive,non_responsive
53972,non_responsive,non_responsive,non_responsive,non_responsive
53974,non_responsive,non_responsive,non_responsive,non_responsive
53975,non_responsive,non_responsive,non_responsive,non_responsive
53976,non_responsive,non_responsive,responsive,non_responsive
53977,non_responsive,non_responsive,non_responsive,non_responsive
53978,non_responsive,non_responsive,non_responsive,non_responsive
53979,non_responsive,non_responsive,non_responsive,non_responsive
53980,non_responsive,non_responsive,non_responsive,non_responsive
53982,non_responsive,non_responsive,responsive,non_responsive
53983,responsive,responsive,responsive,non_responsive
53984,non_responsive,non_responsive,non_responsive,non_responsive
53985,non_responsive,non_responsive,non_responsive,non_responsive
53986,responsive,responsive,responsive,non_responsive
53988,non_responsive,non_responsive,non_responsive,non_responsive
53989,non_responsive,non_responsive,non_responsive,non_responsive
53990,non_responsive,non_responsive,non_responsive,non_responsive
53991,non_responsive,non_responsive,non_responsive,non_responsive
53992,responsive,responsive,responsive,non_responsive
53993,non_responsive,non_responsive,responsive,non_responsive
53994,non_responsive,non_responsive,non_responsive,non_responsive
53995,non_responsive,non_responsive,non_responsive,non_responsive
53996,non_responsive,non_responsive,non_responsive,non_responsive
53997,non_responsive,non_responsive,non_responsive,non_responsive
53998,non_responsive,non_responsive,non_responsive,non_responsive
53999,non_responsive,non_responsive,non_responsive,non_responsive
54001,non_responsive,non_responsive,responsive,non_responsive
54002,non_responsive,non_responsive,non_responsive,non_responsive
54003,non_responsive,non_responsive,responsive,non_responsive
54005,responsive,responsive,responsive,non_responsive
54006,responsive,responsive,responsive,non_responsive
54007,non_responsive,non_responsive,non_responsive,non_responsive
54008,non_responsive,non_responsive,non_responsive,non_responsive
54010,non_responsive,non_responsive,non_responsive,non_responsive
54011,non_responsive,non_responsive,non_responsive,non_responsive
54012,non_responsive,non_responsive,non_responsive,non_responsive
54013,non_responsive,non_responsive,non_responsive,non_responsive
54014,non_responsive,non_responsive,non_responsive,non_responsive
54015,non_responsive,non_responsive,non_responsive,non_responsive
54016,non_responsive,responsive,responsive,non_responsive
54017,non_responsive,non_responsive,non_responsive,non_responsive
54018,non_responsive,non_responsive,responsive,non_responsive
54019,non_responsive,non_responsive,non_responsive,non_responsive
54020,non_responsive,non_responsive,responsive,non_responsive
54021,non_responsive,non_responsive,responsive,non_responsive
54022,non_responsive,responsive,responsive,non_responsive
54023,non_responsive,non_responsive,non_responsive,non_responsive
54024,non_responsive,non_responsive,non_responsive,non_responsive
54025,non_responsive,non_responsive,non_responsive,non_responsive
54026,non_responsive,responsive,responsive,non_responsive
54028,non_responsive,non_responsive,non_responsive,non_responsive
54029,non_responsive,non_responsive,non_responsive,non_responsive
54030,non_responsive,non_responsive,non_responsive,non_responsive
54031,non_responsive,non_responsive,non_responsive,non_responsive
54032,non_responsive,non_responsive,non_responsive,non_responsive
54033,non_responsive,non_responsive,non_responsive,non_responsive
54034,non_responsive,non_responsive,non_responsive,non_responsive
54035,non_responsive,non_responsive,non_responsive,non_responsive
54036,non_responsive,non_responsive,non_responsive,non_responsive
54038,non_responsive,non_responsive,responsive,non_responsive
54039,non_responsive,non_responsive,non_responsive,non_responsive
54040,non_responsive,non_responsive,non_responsive,non_responsive
54041,responsive,responsive,responsive,non_responsive
54042,responsive,responsive,responsive,non_responsive
54043,responsive,responsive,responsive,non_responsive
54045,non_responsive,non_responsive,non_responsive,non_responsive
54046,non_responsive,non_responsive,responsive,non_responsive
54047,non_responsive,non_responsive,non_responsive,non_responsive
54049,non_responsive,non_responsive,non_responsive,non_responsive
54050,non_responsive,non_responsive,non_responsive,non_responsive
54051,non_responsive,non_responsive,non_responsive,non_responsive
54052,non_responsive,non_responsive,non_responsive,non_responsive
54053,non_responsive,non_responsive,non_responsive,non_responsive
54055,non_responsive,responsive,responsive,non_responsive
54056,non_responsive,non_responsive,non_responsive,non_responsive
54058,non_responsive,responsive,responsive,non_responsive
54059,non_responsive,non_responsive,responsive,non_responsive
54061,non_responsive,non_responsive,non_responsive,non_responsive
54062,non_responsive,non_responsive,responsive,non_responsive
54063,non_responsive,non_responsive,non_responsive,non_responsive
54064,non_responsive,non_responsive,non_responsive,non_responsive
54065,non_responsive,non_responsive,non_responsive,non_responsive
54066,non_responsive,non_responsive,non_responsive,non_responsive
54067,non_responsive,non_responsive,non_responsive,non_responsive
54069,non_responsive,non_responsive,non_responsive,non_responsive
54071,non_responsive,non_responsive,non_responsive,non_responsive
54072,non_responsive,non_responsive,non_responsive,non_responsive
54074,non_responsive,non_responsive,non_responsive,non_responsive
54075,non_responsive,non_responsive,non_responsive,non_responsive
54076,non_responsive,non_responsive,non_responsive,non_responsive
54077,non_responsive,non_responsive,responsive,non_responsive
54078,non_responsive,non_responsive,non_responsive,non_responsive
54079,non_responsive,non_responsive,non_responsive,non_responsive
54080,non_responsive,non_responsive,non_responsive,non_responsive
54081,non_responsive,non_responsive,non_responsive,non_responsive
54082,non_responsive,non_responsive,responsive,non_responsive
54083,non_responsive,non_responsive,non_responsive,non_responsive
54084,non_responsive,non_responsive,non_responsive,non_responsive
54085,non_responsive,non_responsive,non_responsive,non_responsive
54086,non_responsive,non_responsive,non_responsive,non_responsive
54087,non_responsive,responsive,responsive,non_responsive
54088,non_responsive,non_responsive,responsive,non_responsive
54089,responsive,responsive,responsive,non_responsive
54092,non_responsive,non_responsive,non_responsive,non_responsive
54094,non_responsive,non_responsive,non_responsive,non_responsive
54095,non_responsive,non_responsive,non_responsive,non_responsive
54096,non_responsive,non_responsive,non_responsive,non_responsive
54097,non_responsive,non_responsive,non_responsive,non_responsive
54098,non_responsive,non_responsive,responsive,non_responsive
66102,non_responsive,non_responsive,non_responsive,non_responsive
66104,non_responsive,non_responsive,non_responsive,non_responsive
76610,non_responsive,non_responsive,non_responsive,non_responsive
93148,non_responsive,non_responsive,non_responsive,non_responsive
93150,non_responsive,non_responsive,non_responsive,non_responsive
93151,non_responsive,non_responsive,non_responsive,non_responsive
93152,non_responsive,non_responsive,non_responsive,non_responsive
93153,non_responsive,non_responsive,non_responsive,non_responsive
93154,non_responsive,non_responsive,non_responsive,non_responsive
93155,non_responsive,non_responsive,non_responsive,non_responsive
93156,non_responsive,non_responsive,non_responsive,non_responsive
93157,non_responsive,non_responsive,non_responsive,non_responsive
93159,non_responsive,non_responsive,non_responsive,non_responsive
119244,non_responsive,non_responsive,non_responsive,non_responsive
128714,non_responsive,non_responsive,non_responsive,non_responsive
132146,non_responsive,non_responsive,non_responsive,non_responsive
156327,non_responsive,non_responsive,non_responsive,non_responsive
161188,non_responsive,non_responsive,non_responsive,non_responsive
161996,non_responsive,non_responsive,non_responsive,non_responsive
161997,non_responsive,non_responsive,responsive,non_responsive
161998,non_responsive,non_responsive,responsive,non_responsive
161999,non_responsive,non_responsive,non_responsive,non_responsive
162000,non_responsive,non_responsive,non_responsive,non_responsive
162962,non_responsive,non_responsive,non_responsive,non_responsive
162965,non_responsive,non_responsive,non_responsive,non_responsive
178713,non_responsive,non_responsive,non_responsive,non_responsive
179210,non_responsive,non_responsive,non_responsive,non_responsive
179355,non_responsive,non_responsive,non_responsive,non_responsive
179404,non_responsive,non_responsive,non_responsive,non_responsive
188783,non_responsive,non_responsive,non_responsive,non_responsive
188863,non_responsive,non_responsive,non_responsive,non_responsive
188958,non_responsive,non_responsive,non_responsive,non_responsive
189095,non_responsive,non_responsive,non_responsive,non_responsive
191339,non_responsive,non_responsive,non_responsive,non_responsive
193588,non_responsive,non_responsive,non_responsive,non_responsive
193589,non_responsive,non_responsive,non_responsive,non_responsive
193590,non_responsive,non_responsive,non_responsive,non_responsive
193592,non_responsive,non_responsive,non_responsive,non_responsive
193593,non_responsive,non_responsive,non_responsive,non_responsive
193594,non_responsive,non_responsive,non_responsive,non_responsive
194336,non_responsive,non_responsive,responsive,non_responsive
194712,non_responsive,non_responsive,non_responsive,non_responsive
194922,non_responsive,non_responsive,non_responsive,non_responsive
195464,non_responsive,non_responsive,non_responsive,non_responsive
195731,non_responsive,non_responsive,non_responsive,non_responsive
195732,non_responsive,non_responsive,non_responsive,non_responsive
195858,non_responsive,non_responsive,non_responsive,non_responsive
196277,responsive,responsive,responsive,non_responsive
198424,non_responsive,non_responsive,non_responsive,non_responsive
198737,non_responsive,non_responsive,non_responsive,non_responsive
198738,non_responsive,non_responsive,responsive,non_responsive
209045,non_responsive,non_responsive,non_responsive,non_responsive
209046,non_responsive,non_responsive,non_responsive,non_responsive
209056,non_responsive,non_responsive,non_responsive,non_responsive
209057,non_responsive,non_responsive,non_responsive,non_responsive
209059,non_responsive,non_responsive,non_responsive,non_responsive
209061,non_responsive,non_responsive,non_responsive,non_responsive
215752,non_responsive,non_responsive,non_responsive,non_responsive
219537,responsive,responsive,responsive,non_responsive
227244,non_responsive,non_responsive,non_responsive,non_responsive
227246,non_responsive,non_responsive,non_responsive,non_responsive
229652,non_responsive,non_responsive,non_responsive,non_responsive
235245,non_responsive,responsive,responsive,non_responsive
235283,non_responsive,non_responsive,non_responsive,non_responsive
237854,non_responsive,non_responsive,non_responsive,non_responsive
237855,non_responsive,non_responsive,non_responsive,non_responsive
237856,non_responsive,non_responsive,non_responsive,non_responsive
237857,non_responsive,non_responsive,non_responsive,non_responsive
237858,non_responsive,non_responsive,non_responsive,non_responsive
237859,non_responsive,non_responsive,non_responsive,non_responsive
242535,non_responsive,non_responsive,non_responsive,non_responsive
256249,non_responsive,non_responsive,non_responsive,non_responsive
256250,non_responsive,non_responsive,non_responsive,non_responsive
256251,non_responsive,non_responsive,non_responsive,non_responsive
256252,non_responsive,non_responsive,non_responsive,non_responsive
256253,responsive,responsive,responsive,non_responsive
256254,non_responsive,non_responsive,non_responsive,non_responsive
256255,non_responsive,non_responsive,non_responsive,non_responsive
256256,non_responsive,non_responsive,non_responsive,non_responsive
256257,non_responsive,non_responsive,non_responsive,non_responsive
256258,non_responsive,non_responsive,non_responsive,non_responsive
281173,non_responsive,non_responsive,non_responsive,non_responsive
281724,non_responsive,non_responsive,non_responsive,non_responsive
281792,non_responsive,non_responsive,non_responsive,non_responsive
281883,non_responsive,non_responsive,non_responsive,non_responsive
282970,non_responsive,non_responsive,non_responsive,non_responsive
283775,non_responsive,non_responsive,non_responsive,non_responsive
285419,non_responsive,non_responsive,non_responsive,non_responsive
286406,non_responsive,non_responsive,responsive,non_responsive
286681,non_responsive,responsive,responsive,non_responsive
286869,non_responsive,non_responsive,non_responsive,non_responsive
286994,non_responsive,non_responsive,non_responsive,non_responsive
287205,non_responsive,non_responsive,non_responsive,non_responsive
287798,non_responsive,non_responsive,non_responsive,non_responsive
288151,non_responsive,non_responsive,non_responsive,non_responsive
288458,non_responsive,non_responsive,non_responsive,non_responsive
289600,non_responsive,non_responsive,non_responsive,non_responsive
289741,non_responsive,non_responsive,non_responsive,non_responsive
289873,non_responsive,non_responsive,non_responsive,non_responsive
289877,non_responsive,non_responsive,non_responsive,non_responsive
289879,non_responsive,non_responsive,non_responsive,non_responsive
289973,non_responsive,non_responsive,non_responsive,non_responsive
290277,non_responsive,non_responsive,responsive,non_responsive
290316,non_responsive,non_responsive,non_responsive,non_responsive
290847,non_responsive,non_responsive,non_responsive,non_responsive
290978,non_responsive,non_responsive,non_responsive,non_responsive
291054,non_responsive,non_responsive,non_responsive,non_responsive
291285,non_responsive,non_responsive,non_responsive,non_responsive
358731,non_responsive,non_responsive,non_responsive,non_responsive
358732,non_responsive,non_responsive,non_responsive,non_responsive
358733,non_responsive,non_responsive,non_responsive,non_responsive
358734,non_responsive,non_responsive,non_responsive,non_responsive
358735,non_responsive,non_responsive,non_responsive,non_responsive
358737,non_responsive,non_responsive,non_responsive,non_responsive
358738,non_responsive,non_responsive,non_responsive,non_responsive
358739,non_responsive,non_responsive,non_responsive,non_responsive
358740,non_responsive,non_responsive,non_responsive,non_responsive
358741,non_responsive,non_responsive,non_responsive,non_responsive
358742,non_responsive,non_responsive,non_responsive,non_responsive
358744,non_responsive,non_responsive,non_responsive,non_responsive
358745,non_responsive,non_responsive,non_responsive,non_responsive
358746,non_responsive,non_responsive,non_responsive,non_responsive
358747,non_responsive,non_responsive,non_responsive,non_responsive
358748,non_responsive,non_responsive,non_responsive,non_responsive
358749,non_responsive,non_responsive,non_responsive,non_responsive
358750,non_responsive,non_responsive,non_responsive,non_responsive
370075,non_responsive,non_responsive,non_responsive,non_responsive
370078,non_responsive,non_responsive,non_responsive,non_responsive
370097,non_responsive,non_responsive,non_responsive,non_responsive
370104,non_responsive,non_responsive,non_responsive,non_responsive
370155,non_responsive,non_responsive,non_responsive,non_responsive
370304,non_responsive,non_responsive,non_responsive,non_responsive
370324,non_responsive,non_responsive,non_responsive,non_responsive
370341,non_responsive,non_responsive,non_responsive,non_responsive
370397,non_responsive,non_responsive,non_responsive,non_responsive
370490,non_responsive,non_responsive,non_responsive,non_responsive
370587,non_responsive,non_responsive,non_responsive,non_responsive
370599,non_responsive,non_responsive,non_responsive,non_responsive
370635,non_responsive,non_responsive,non_responsive,non_responsive
370821,non_responsive,non_responsive,non_responsive,non_responsive
370916,non_responsive,non_responsive,non_responsive,non_responsive
371056,non_responsive,non_responsive,non_responsive,non_responsive
371135,non_responsive,non_responsive,non_responsive,non_responsive
371181,non_responsive,non_responsive,non_responsive,non_responsive
371287,non_responsive,non_responsive,non_responsive,non_responsive
371331,non_responsive,non_responsive,non_responsive,non_responsive
371349,non_responsive,non_responsive,non_responsive,non_responsive
371444,non_responsive,non_responsive,non_responsive,non_responsive
371527,non_responsive,non_responsive,non_responsive,non_responsive
371605,non_responsive,non_responsive,non_responsive,non_responsive
375475,non_responsive,non_responsive,non_responsive,non_responsive
389270,non_responsive,non_responsive,non_responsive,non_responsive
411115,non_responsive,non_responsive,non_responsive,non_responsive
411116,non_responsive,non_responsive,non_responsive,non_responsive
411117,non_responsive,non_responsive,non_responsive,non_responsive
411118,non_responsive,non_responsive,responsive,non_responsive
411119,non_responsive,non_responsive,non_responsive,non_responsive
411120,non_responsive,non_responsive,responsive,non_responsive
411121,non_responsive,non_responsive,non_responsive,non_responsive
411122,non_responsive,non_responsive,non_responsive,non_responsive
411123,non_responsive,non_responsive,non_responsive,non_responsive
411125,non_responsive,non_responsive,responsive,non_responsive
411126,non_responsive,non_responsive,responsive,non_responsive
411127,non_responsive,non_responsive,non_responsive,non_responsive
416592,non_responsive,non_responsive,non_responsive,non_responsive
416593,non_responsive,non_responsive,non_responsive,non_responsive
416594,non_responsive,non_responsive,non_responsive,non_responsive
416595,non_responsive,non_responsive,non_responsive,non_responsive
416596,non_responsive,non_responsive,non_responsive,non_responsive
416597,non_responsive,non_responsive,non_responsive,non_responsive
416598,non_responsive,non_responsive,non_responsive,non_responsive
416599,non_responsive,non_responsive,non_responsive,non_responsive
426891,non_responsive,non_responsive,non_responsive,non_responsive
432801,non_responsive,non_responsive,non_responsive,non_responsive
439049,non_responsive,non_responsive,non_responsive,non_responsive
439050,non_responsive,non_responsive,non_responsive,non_responsive
439052,non_responsive,non_responsive,non_responsive,non_responsive
439053,non_responsive,non_responsive,non_responsive,non_responsive
439054,non_responsive,non_responsive,non_responsive,non_responsive
439055,non_responsive,non_responsive,responsive,non_responsive
439056,non_responsive,non_responsive,non_responsive,non_responsive
439057,non_responsive,non_responsive,non_responsive,non_responsive
439058,non_responsive,non_responsive,non_responsive,non_responsive
439060,non_responsive,non_responsive,non_responsive,non_responsive
439061,non_responsive,non_responsive,non_responsive,non_responsive
439062,non_responsive,non_responsive,non_responsive,non_responsive
439065,non_responsive,non_responsive,non_responsive,non_responsive
439067,non_responsive,non_responsive,non_responsive,non_responsive
439068,non_responsive,non_responsive,non_responsive,non_responsive
439069,non_responsive,non_responsive,non_responsive,non_responsive
439070,non_responsive,non_responsive,non_responsive,non_responsive
439071,non_responsive,non_responsive,non_responsive,non_responsive
439072,non_responsive,non_responsive,non_responsive,non_responsive
439073,non_responsive,non_responsive,non_responsive,non_responsive
439074,non_responsive,non_responsive,non_responsive,non_responsive
439075,non_responsive,non_responsive,non_responsive,non_responsive
439076,non_responsive,non_responsive,non_responsive,non_responsive
439077,non_responsive,non_responsive,non_responsive,non_responsive
439078,non_responsive,non_responsive,non_responsive,non_responsive
439080,non_responsive,non_responsive,non_responsive,non_responsive
439081,non_responsive,non_responsive,non_responsive,non_responsive
439082,non_responsive,non_responsive,non_responsive,non_responsive
439083,non_responsive,non_responsive,non_responsive,non_responsive
439084,non_responsive,non_responsive,non_responsive,non_responsive
439087,non_responsive,non_responsive,non_responsive,non_responsive
439088,non_responsive,non_responsive,non_responsive,non_responsive
439089,non_responsive,non_responsive,non_responsive,non_responsive
439475,non_responsive,non_responsive,non_responsive,non_responsive
439476,non_responsive,non_responsive,non_responsive,non_responsive
439477,non_responsive,non_responsive,non_responsive,non_responsive
439478,non_responsive,non_responsive,non_responsive,non_responsive
439479,non_responsive,non_responsive,responsive,non_responsive
439480,non_responsive,non_responsive,non_responsive,non_responsive
439481,non_responsive,non_responsive,non_responsive,non_responsive
439482,non_responsive,non_responsive,non_responsive,non_responsive
439483,non_responsive,non_responsive,non_responsive,non_responsive
439484,non_responsive,non_responsive,non_responsive,non_responsive
439486,non_responsive,non_responsive,non_responsive,non_responsive
439487,non_responsive,non_responsive,non_responsive,non_responsive
439488,non_responsive,non_responsive,non_responsive,non_responsive
439489,non_responsive,non_responsive,non_responsive,non_responsive
439490,non_responsive,non_responsive,non_responsive,non_responsive
439491,non_responsive,non_responsive,non_responsive,non_responsive
439492,non_responsive,non_responsive,non_responsive,non_responsive
439493,non_responsive,non_responsive,non_responsive,non_responsive
440459,non_responsive,non_responsive,responsive,non_responsive
448901,non_responsive,non_responsive,non_responsive,non_responsive
455760,non_responsive,non_responsive,non_responsive,non_responsive
455761,non_responsive,non_responsive,non_responsive,non_responsive
455762,non_responsive,non_responsive,non_responsive,non_responsive
455763,non_responsive,non_responsive,non_responsive,non_responsive
455764,non_responsive,non_responsive,non_responsive,non_responsive
455765,non_responsive,non_responsive,non_responsive,non_responsive
455766,non_responsive,non_responsive,non_responsive,non_responsive
455767,non_responsive,non_responsive,non_responsive,non_responsive
455768,non_responsive,non_responsive,non_responsive,non_responsive
455769,non_responsive,non_responsive,non_responsive,non_responsive
455770,non_responsive,non_responsive,non_responsive,non_responsive
455771,non_responsive,non_responsive,non_responsive,non_responsive
455772,non_responsive,non_responsive,non_responsive,non_responsive
455773,non_responsive,non_responsive,non_responsive,non_responsive
455774,non_responsive,non_responsive,responsive,non_responsive
455775,non_responsive,non_responsive,non_responsive,non_responsive
455776,non_responsive,non_responsive,non_responsive,non_responsive
455777,non_responsive,non_responsive,non_responsive,non_responsive
455778,non_responsive,non_responsive,non_responsive,non_responsive
455779,non_responsive,non_responsive,non_responsive,non_responsive
455780,non_responsive,non_responsive,non_responsive,non_responsive
455781,non_responsive,non_responsive,non_responsive,non_responsive
455782,non_responsive,non_responsive,non_responsive,non_responsive
455783,non_responsive,non_responsive,non_responsive,non_responsive
455784,non_responsive,non_responsive,non_responsive,non_responsive
455785,non_responsive,non_responsive,non_responsive,non_responsive
487375,responsive,responsive,responsive,non_responsive
487376,non_responsive,non_responsive,non_responsive,non_responsive
487377,non_responsive,non_responsive,non_responsive,non_responsive
487379,non_responsive,non_responsive,non_responsive,non_responsive
487380,non_responsive,non_responsive,non_responsive,non_responsive
487381,non_responsive,non_responsive,non_responsive,non_responsive
487383,non_responsive,non_responsive,non_responsive,non_responsive
487384,non_responsive,non_responsive,non_responsive,non_responsive
487385,non_responsive,non_responsive,non_responsive,non_responsive
487390,non_responsive,non_responsive,non_responsive,non_responsive
487391,non_responsive,non_responsive,non_responsive,non_responsive
487392,non_responsive,non_responsive,non_responsive,non_responsive
487393,non_responsive,non_responsive,non_responsive,non_responsive
487396,non_responsive,non_responsive,non_responsive,non_responsive
487397,non_responsive,non_responsive,non_responsive,non_responsive
487399,non_responsive,non_responsive,non_responsive,non_responsive
487400,non_responsive,non_responsive,non_responsive,non_responsive
487401,non_responsive,non_responsive,non_responsive,non_responsive
487402,non_responsive,non_responsive,non_responsive,non_responsive
492871,non_responsive,non_responsive,non_responsive,non_responsive
493462,non_responsive,non_responsive,non_responsive,non_responsive
495884,non_responsive,non_responsive,non_responsive,non_responsive
495885,non_responsive,non_responsive,responsive,non_responsive
495886,non_responsive,non_responsive,non_responsive,non_responsive
495887,non_responsive,non_responsive,responsive,non_responsive
495888,non_responsive,non_responsive,non_responsive,non_responsive
495889,non_responsive,non_responsive,non_responsive,non_responsive
495890,non_responsive,non_responsive,non_responsive,non_responsive
495892,non_responsive,non_responsive,non_responsive,non_responsive
495893,non_responsive,non_responsive,non_responsive,non_responsive
495894,non_responsive,non_responsive,non_responsive,non_responsive
495895,non_responsive,non_responsive,non_responsive,non_responsive
495896,non_responsive,non_responsive,non_responsive,non_responsive
495897,non_responsive,non_responsive,non_responsive,non_responsive
495898,non_responsive,non_responsive,non_responsive,non_responsive
495899,non_responsive,non_responsive,non_responsive,non_responsive
495900,non_responsive,non_responsive,non_responsive,non_responsive
495901,non_responsive,non_responsive,non_responsive,non_responsive
495902,non_responsive,non_responsive,non_responsive,non_responsive
495903,non_responsive,non_responsive,non_responsive,non_responsive
495904,non_responsive,non_responsive,non_responsive,non_responsive
495905,non_responsive,non_responsive,non_responsive,non_responsive
495906,non_responsive,non_responsive,non_responsive,non_responsive
495907,non_responsive,non_responsive,non_responsive,non_responsive
495908,non_responsive,non_responsive,non_responsive,non_responsive
495909,non_responsive,non_responsive,non_responsive,non_responsive
495910,non_responsive,non_responsive,non_responsive,non_responsive
495911,non_responsive,non_responsive,non_responsive,non_responsive
495912,non_responsive,non_responsive,non_responsive,non_responsive
495913,non_responsive,non_responsive,non_responsive,non_responsive
495914,non_responsive,non_responsive,responsive,non_responsive
495915,non_responsive,non_responsive,non_responsive,non_responsive
495916,non_responsive,non_responsive,non_responsive,non_responsive
495917,non_responsive,non_responsive,non_responsive,non_responsive
495918,non_responsive,non_responsive,non_responsive,non_responsive
495919,non_responsive,non_responsive,non_responsive,non_responsive
495920,non_responsive,non_responsive,non_responsive,non_responsive
495921,non_responsive,non_responsive,non_responsive,non_responsive
495922,non_responsive,non_responsive,non_responsive,non_responsive
495923,non_responsive,non_responsive,responsive,non_responsive
495924,non_responsive,non_responsive,non_responsive,non_responsive
495925,non_responsive,non_responsive,non_responsive,non_responsive
495926,non_responsive,non_responsive,non_responsive,non_responsive
495927,non_responsive,non_responsive,non_responsive,non_responsive
495928,non_responsive,non_responsive,responsive,non_responsive
495929,non_responsive,non_responsive,non_responsive,non_responsive
495930,non_responsive,non_responsive,responsive,non_responsive
495931,non_responsive,non_responsive,non_responsive,non_responsive
495932,non_responsive,non_responsive,non_responsive,non_responsive
495933,non_responsive,non_responsive,non_responsive,non_responsive
495934,non_responsive,non_responsive,non_responsive,non_responsive
495935,non_responsive,non_responsive,non_responsive,non_responsive
495936,non_responsive,non_responsive,non_responsive,non_responsive
495937,non_responsive,non_responsive,non_responsive,non_responsive
495938,non_responsive,non_responsive,non_responsive,non_responsive
495939,non_responsive,non_responsive,non_responsive,non_responsive
495940,non_responsive,non_responsive,non_responsive,non_responsive
495941,non_responsive,non_responsive,non_responsive,non_responsive
495942,non_responsive,non_responsive,non_responsive,non_responsive
495943,non_responsive,non_responsive,non_responsive,non_responsive
495944,non_responsive,non_responsive,non_responsive,non_responsive
495945,non_responsive,non_responsive,non_responsive,non_responsive
495946,non_responsive,non_responsive,non_responsive,non_responsive
495947,non_responsive,non_responsive,non_responsive,non_responsive
495948,non_responsive,non_responsive,non_responsive,non_responsive
495949,non_responsive,non_responsive,non_responsive,non_responsive
495950,non_responsive,non_responsive,non_responsive,non_responsive
495951,non_responsive,non_responsive,non_responsive,non_responsive
495952,non_responsive,non_responsive,non_responsive,non_responsive
495953,non_responsive,responsive,responsive,non_responsive
495954,non_responsive,non_responsive,non_responsive,non_responsive
495955,non_responsive,non_responsive,non_responsive,non_responsive
495956,non_responsive,non_responsive,non_responsive,non_responsive
495957,non_responsive,non_responsive,non_responsive,non_responsive
495958,non_responsive,non_responsive,non_responsive,non_responsive
495959,non_responsive,non_responsive,non_responsive,non_responsive
495960,non_responsive,non_responsive,non_responsive,non_responsive
495961,non_responsive,non_responsive,non_responsive,non_responsive
495962,non_responsive,non_responsive,non_responsive,non_responsive
495964,non_responsive,non_responsive,responsive,non_responsive
495965,non_responsive,non_responsive,non_responsive,non_responsive
496577,non_responsive,non_responsive,non_responsive,non_responsive
496886,non_responsive,non_responsive,non_responsive,non_responsive
496897,non_responsive,non_responsive,non_responsive,non_responsive
497599,non_responsive,non_responsive,responsive,non_responsive
497611,non_responsive,non_responsive,non_responsive,non_responsive
497637,non_responsive,non_responsive,non_responsive,non_responsive
497781,non_responsive,non_responsive,non_responsive,non_responsive
498029,non_responsive,non_responsive,non_responsive,non_responsive
498176,non_responsive,non_responsive,non_responsive,non_responsive
498415,non_responsive,non_responsive,non_responsive,non_responsive
499065,non_responsive,non_responsive,non_responsive,non_responsive
499621,non_responsive,non_responsive,non_responsive,non_responsive
499984,non_responsive,non_responsive,non_responsive,non_responsive
500071,non_responsive,non_responsive,non_responsive,non_responsive
500112,non_responsive,non_responsive,non_responsive,non_responsive
500517,non_responsive,non_responsive,non_responsive,non_responsive
500634,non_responsive,non_responsive,non_responsive,non_responsive
500752,non_responsive,non_responsive,non_responsive,non_responsive
500966,non_responsive,non_responsive,non_responsive,non_responsive
501133,non_responsive,non_responsive,non_responsive,non_responsive
501134,non_responsive,non_responsive,non_responsive,non_responsive
501899,non_responsive,non_responsive,non_responsive,non_responsive
501903,non_responsive,non_responsive,non_responsive,non_responsive
502028,non_responsive,non_responsive,non_responsive,non_responsive
502030,non_responsive,non_responsive,non_responsive,non_responsive
502041,non_responsive,non_responsive,non_responsive,non_responsive
502054,non_responsive,non_responsive,non_responsive,non_responsive
502505,non_responsive,non_responsive,responsive,non_responsive
502512,non_responsive,non_responsive,non_responsive,non_responsive
502578,non_responsive,non_responsive,non_responsive,non_responsive
502597,non_responsive,non_responsive,non_responsive,non_responsive
502598,non_responsive,non_responsive,non_responsive,non_responsive
502750,non_responsive,non_responsive,non_responsive,non_responsive
502799,non_responsive,non_responsive,non_responsive,non_responsive
517253,non_responsive,non_responsive,non_responsive,non_responsive
526015,non_responsive,non_responsive,non_responsive,non_responsive
526016,non_responsive,non_responsive,non_responsive,non_responsive
526017,non_responsive,non_responsive,non_responsive,non_responsive
526018,non_responsive,non_responsive,non_responsive,non_responsive
526019,non_responsive,non_responsive,responsive,non_responsive
526020,non_responsive,non_responsive,non_responsive,non_responsive
526021,non_responsive,non_responsive,non_responsive,non_responsive
526022,non_responsive,non_responsive,non_responsive,non_responsive
526023,non_responsive,non_responsive,non_responsive,non_responsive
526024,non_responsive,non_responsive,non_responsive,non_responsive
526025,non_responsive,non_responsive,non_responsive,non_responsive
547026,non_responsive,non_responsive,non_responsive,non_responsive
549917,non_responsive,non_responsive,non_responsive,non_responsive
549932,non_responsive,non_responsive,non_responsive,non_responsive
549991,non_responsive,non_responsive,non_responsive,non_responsive
549995,non_responsive,non_responsive,non_responsive,non_responsive
550045,non_responsive,non_responsive,non_responsive,non_responsive
550047,non_responsive,non_responsive,non_responsive,non_responsive
550107,non_responsive,non_responsive,non_responsive,non_responsive
550111,non_responsive,non_responsive,non_responsive,non_responsive
550233,non_responsive,non_responsive,non_responsive,non_responsive
550417,non_responsive,non_responsive,non_responsive,non_responsive
550438,non_responsive,non_responsive,non_responsive,non_responsive
550492,non_responsive,non_responsive,non_responsive,non_responsive
550500,non_responsive,non_responsive,responsive,non_responsive
550522,non_responsive,non_responsive,non_responsive,non_responsive
550595,non_responsive,non_responsive,non_responsive,non_responsive
550702,non_responsive,non_responsive,responsive,non_responsive
550729,non_responsive,non_responsive,non_responsive,non_responsive
550738,non_responsive,non_responsive,non_responsive,non_responsive
550742,non_responsive,non_responsive,non_responsive,non_responsive
550803,non_responsive,non_responsive,non_responsive,non_responsive
550805,non_responsive,non_responsive,non_responsive,non_responsive
550815,non_responsive,non_responsive,non_responsive,non_responsive
550836,non_responsive,non_responsive,non_responsive,non_responsive
550999,non_responsive,non_responsive,non_responsive,non_responsive
551100,non_responsive,non_responsive,non_responsive,non_responsive
551264,non_responsive,non_responsive,non_responsive,non_responsive
551480,non_responsive,non_responsive,non_responsive,non_responsive
551560,non_responsive,non_responsive,non_responsive,non_responsive
551804,non_responsive,non_responsive,non_responsive,non_responsive
551822,non_responsive,responsive,responsive,non_responsive
551856,non_responsive,non_responsive,non_responsive,non_responsive
551941,non_responsive,non_responsive,responsive,non_responsive
551950,non_responsive,non_responsive,non_responsive,non_responsive
551973,non_responsive,non_responsive,non_responsive,non_responsive
551988,non_responsive,non_responsive,non_responsive,non_responsive
552131,non_responsive,non_responsive,non_responsive,non_responsive
552143,non_responsive,non_responsive,non_responsive,non_responsive
552149,non_responsive,non_responsive,non_responsive,non_responsive
552203,non_responsive,non_responsive,non_responsive,non_responsive
552355,non_responsive,non_responsive,non_responsive,non_responsive
552406,non_responsive,non_responsive,non_responsive,non_responsive
552594,non_responsive,non_responsive,responsive,non_responsive
552672,non_responsive,non_responsive,non_responsive,non_responsive
552690,non_responsive,non_responsive,responsive,non_responsive
552934,non_responsive,non_responsive,non_responsive,non_responsive
552958,non_responsive,non_responsive,non_responsive,non_responsive
552982,non_responsive,non_responsive,non_responsive,non_responsive
553049,non_responsive,non_responsive,non_responsive,non_responsive
553079,non_responsive,non_responsive,non_responsive,non_responsive
553082,non_responsive,non_responsive,non_responsive,non_responsive
553086,non_responsive,non_responsive,non_responsive,non_responsive
553142,non_responsive,non_responsive,non_responsive,non_responsive
553367,non_responsive,non_responsive,non_responsive,non_responsive
553436,non_responsive,non_responsive,responsive,non_responsive
553569,non_responsive,non_responsive,non_responsive,non_responsive
553656,non_responsive,non_responsive,non_responsive,non_responsive
553674,non_responsive,non_responsive,non_responsive,non_responsive
553936,non_responsive,non_responsive,non_responsive,non_responsive
554034,non_responsive,non_responsive,non_responsive,non_responsive
554194,non_responsive,non_responsive,non_responsive,non_responsive
554196,non_responsive,non_responsive,non_responsive,non_responsive
554212,non_responsive,non_responsive,non_responsive,non_responsive
554293,non_responsive,non_responsive,responsive,non_responsive
554320,non_responsive,non_responsive,responsive,non_responsive
554395,non_responsive,non_responsive,non_responsive,non_responsive
554406,non_responsive,non_responsive,non_responsive,non_responsive
554460,non_responsive,non_responsive,non_responsive,non_responsive
554489,non_responsive,non_responsive,non_responsive,non_responsive
554722,non_responsive,non_responsive,non_responsive,non_responsive
554723,non_responsive,non_responsive,non_responsive,non_responsive
554772,non_responsive,non_responsive,responsive,non_responsive
554799,non_responsive,non_responsive,non_responsive,non_responsive
554829,non_responsive,non_responsive,non_responsive,non_responsive
554832,non_responsive,non_responsive,non_responsive,non_responsive
554839,non_responsive,non_responsive,non_responsive,non_responsive
554875,non_responsive,non_responsive,non_responsive,non_responsive
555190,non_responsive,non_responsive,non_responsive,non_responsive
555210,non_responsive,non_responsive,non_responsive,non_responsive
555228,non_responsive,non_responsive,responsive,non_responsive
555335,non_responsive,non_responsive,non_responsive,non_responsive
555384,non_responsive,non_responsive,non_responsive,non_responsive
555386,non_responsive,non_responsive,non_responsive,non_responsive
555390,non_responsive,non_responsive,non_responsive,non_responsive
555396,non_responsive,non_responsive,non_responsive,non_responsive
555450,non_responsive,non_responsive,non_responsive,non_responsive
555466,non_responsive,non_responsive,responsive,non_responsive
555484,non_responsive,non_responsive,non_responsive,non_responsive
555581,non_responsive,non_responsive,non_responsive,non_responsive
555883,non_responsive,non_responsive,non_responsive,non_responsive
555899,non_responsive,non_responsive,non_responsive,non_responsive
555935,non_responsive,non_responsive,non_responsive,non_responsive
555938,non_responsive,non_responsive,non_responsive,non_responsive
556101,non_responsive,non_responsive,non_responsive,non_responsive
556179,non_responsive,non_responsive,responsive,non_responsive
556193,non_responsive,non_responsive,non_responsive,non_responsive
556329,non_responsive,non_responsive,non_responsive,non_responsive
556468,non_responsive,non_responsive,non_responsive,non_responsive
556470,non_responsive,non_responsive,non_responsive,non_responsive
556550,non_responsive,non_responsive,non_responsive,non_responsive
556555,non_responsive,non_responsive,non_responsive,non_responsive
556633,non_responsive,non_responsive,non_responsive,non_responsive
556917,non_responsive,non_responsive,non_responsive,non_responsive
556930,non_responsive,non_responsive,non_responsive,non_responsive
556934,non_responsive,non_responsive,non_responsive,non_responsive
557120,non_responsive,non_responsive,non_responsive,non_responsive
557436,non_responsive,non_responsive,non_responsive,non_responsive
557448,non_responsive,non_responsive,non_responsive,non_responsive
557576,non_responsive,non_responsive,non_responsive,non_responsive
557586,non_responsive,non_responsive,non_responsive,non_responsive
557623,non_responsive,non_responsive,non_responsive,non_responsive
557772,non_responsive,non_responsive,non_responsive,non_responsive
557850,non_responsive,non_responsive,non_responsive,non_responsive
557860,non_responsive,non_responsive,non_responsive,non_responsive
558092,non_responsive,non_responsive,non_responsive,non_responsive
558096,non_responsive,non_responsive,non_responsive,non_responsive
558162,non_responsive,non_responsive,non_responsive,non_responsive
558176,non_responsive,non_responsive,non_responsive,non_responsive
558207,non_responsive,non_responsive,non_responsive,non_responsive
558250,non_responsive,non_responsive,responsive,non_responsive
558463,non_responsive,non_responsive,non_responsive,non_responsive
558578,non_responsive,non_responsive,non_responsive,non_responsive
558608,non_responsive,non_responsive,non_responsive,non_responsive
558688,non_responsive,non_responsive,non_responsive,non_responsive
558712,non_responsive,non_responsive,responsive,non_responsive
558716,non_responsive,non_responsive,non_responsive,non_responsive
560220,non_responsive,non_responsive,non_responsive,non_responsive
565487,non_responsive,non_responsive,non_responsive,non_responsive
568739,non_responsive,non_responsive,non_responsive,non_responsive
569152,non_responsive,non_responsive,non_responsive,non_responsive
569342,non_responsive,non_responsive,non_responsive,non_responsive
570891,non_responsive,non_responsive,non_responsive,non_responsive
572004,non_responsive,non_responsive,non_responsive,non_responsive
572478,non_responsive,non_responsive,non_responsive,non_responsive
572626,non_responsive,non_responsive,non_responsive,non_responsive
573871,non_responsive,non_responsive,non_responsive,non_responsive
574132,non_responsive,non_responsive,non_responsive,non_responsive
575729,non_responsive,non_responsive,non_responsive,non_responsive
577321,non_responsive,non_responsive,non_responsive,non_responsive
577827,non_responsive,non_responsive,non_responsive,non_responsive
578438,non_responsive,non_responsive,non_responsive,non_responsive
579240,non_responsive,non_responsive,non_responsive,non_responsive
581675,non_responsive,non_responsive,non_responsive,non_responsive
581853,non_responsive,non_responsive,non_responsive,non_responsive
582298,non_responsive,non_responsive,responsive,non_responsive
582431,non_responsive,non_responsive,non_responsive,non_responsive
582520,non_responsive,non_responsive,non_responsive,non_responsive
583122,non_responsive,non_responsive,non_responsive,non_responsive
583367,non_responsive,non_responsive,non_responsive,non_responsive
590330,non_responsive,non_responsive,non_responsive,non_responsive
593138,non_responsive,non_responsive,non_responsive,non_responsive
593277,non_responsive,non_responsive,non_responsive,non_responsive
593405,non_responsive,non_responsive,non_responsive,non_responsive
593614,non_responsive,non_responsive,non_responsive,non_responsive
593755,non_responsive,non_responsive,non_responsive,non_responsive
593757,non_responsive,non_responsive,non_responsive,non_responsive
593925,non_responsive,non_responsive,non_responsive,non_responsive
594157,non_responsive,non_responsive,non_responsive,non_responsive
594285,non_responsive,non_responsive,non_responsive,non_responsive
594291,non_responsive,non_responsive,non_responsive,non_responsive
594446,non_responsive,non_responsive,non_responsive,non_responsive
594547,non_responsive,non_responsive,responsive,non_responsive
594645,non_responsive,non_responsive,non_responsive,non_responsive
595026,non_responsive,non_responsive,non_responsive,non_responsive
595029,non_responsive,non_responsive,non_responsive,non_responsive
595171,non_responsive,non_responsive,non_responsive,non_responsive
595238,non_responsive,non_responsive,non_responsive,non_responsive
595378,non_responsive,non_responsive,non_responsive,non_responsive
595383,non_responsive,non_responsive,non_responsive,non_responsive
595459,non_responsive,non_responsive,non_responsive,non_responsive
595485,non_responsive,non_responsive,non_responsive,non_responsive
595580,non_responsive,non_responsive,non_responsive,non_responsive
595751,non_responsive,non_responsive,non_responsive,non_responsive
595966,non_responsive,non_responsive,non_responsive,non_responsive
596174,non_responsive,non_responsive,non_responsive,non_responsive
596268,non_responsive,non_responsive,non_responsive,non_responsive
596532,non_responsive,non_responsive,non_responsive,non_responsive
596763,non_responsive,non_responsive,non_responsive,non_responsive
596852,non_responsive,non_responsive,non_responsive,non_responsive
596890,non_responsive,non_responsive,non_responsive,non_responsive
596906,responsive,responsive,responsive,non_responsive
596977,non_responsive,non_responsive,non_responsive,non_responsive
597062,non_responsive,non_responsive,non_responsive,non_responsive
597199,non_responsive,non_responsive,non_responsive,non_responsive
597314,non_responsive,non_responsive,non_responsive,non_responsive
597363,non_responsive,non_responsive,non_responsive,non_responsive
597514,non_responsive,non_responsive,non_responsive,non_responsive
597622,non_responsive,non_responsive,non_responsive,non_responsive
597813,non_responsive,non_responsive,non_responsive,non_responsive
597851,non_responsive,non_responsive,non_responsive,non_responsive
598071,non_responsive,non_responsive,non_responsive,non_responsive
598095,non_responsive,non_responsive,non_responsive,non_responsive
598323,non_responsive,non_responsive,non_responsive,non_responsive
598352,non_responsive,non_responsive,non_responsive,non_responsive
598469,non_responsive,non_responsive,non_responsive,non_responsive
598580,non_responsive,non_responsive,non_responsive,non_responsive
598646,non_responsive,non_responsive,non_responsive,non_responsive
598648,non_responsive,non_responsive,non_responsive,non_responsive
598686,non_responsive,non_responsive,non_responsive,non_responsive
598723,non_responsive,non_responsive,non_responsive,non_responsive
618012,non_responsive,non_responsive,non_responsive,non_responsive
618013,non_responsive,non_responsive,non_responsive,non_responsive
618014,non_responsive,non_responsive,non_responsive,non_responsive
618015,non_responsive,non_responsive,non_responsive,non_responsive
618560,non_responsive,non_responsive,non_responsive,non_responsive
618561,non_responsive,non_responsive,non_responsive,non_responsive
618562,non_responsive,non_responsive,non_responsive,non_responsive
618563,non_responsive,non_responsive,non_responsive,non_responsive
618564,non_responsive,non_responsive,non_responsive,non_responsive
618565,non_responsive,non_responsive,non_responsive,non_responsive
618566,non_responsive,non_responsive,non_responsive,non_responsive
618892,non_responsive,non_responsive,non_responsive,non_responsive
618893,non_responsive,non_responsive,non_responsive,non_responsive
618894,non_responsive,non_responsive,responsive,non_responsive
618895,non_responsive,non_responsive,non_responsive,non_responsive
618896,non_responsive,non_responsive,non_responsive,non_responsive
618898,non_responsive,non_responsive,non_responsive,non_responsive
618899,non_responsive,non_responsive,non_responsive,non_responsive
618900,non_responsive,non_responsive,non_responsive,non_responsive
618901,non_responsive,non_responsive,responsive,non_responsive
618902,non_responsive,non_responsive,non_responsive,non_responsive
618903,non_responsive,non_responsive,non_responsive,non_responsive
618904,non_responsive,non_responsive,non_responsive,non_responsive
618905,non_responsive,non_responsive,responsive,non_responsive
618906,non_responsive,non_responsive,non_responsive,non_responsive
618907,non_responsive,non_responsive,non_responsive,non_responsive
618908,non_responsive,non_responsive,non_responsive,non_responsive
618909,non_responsive,non_responsive,non_responsive,non_responsive
618910,non_responsive,non_responsive,non_responsive,non_responsive
618911,non_responsive,non_responsive,non_responsive,non_responsive
618912,non_responsive,non_responsive,non_responsive,non_responsive
618913,non_responsive,non_responsive,non_responsive,non_responsive
618914,non_responsive,non_responsive,non_responsive,non_responsive
618915,non_responsive,non_responsive,non_responsive,non_responsive
618916,non_responsive,non_responsive,non_responsive,non_responsive
618917,non_responsive,non_responsive,non_responsive,non_responsive
618918,non_responsive,responsive,responsive,non_responsive
618919,non_responsive,non_responsive,non_responsive,non_responsive
618920,non_responsive,non_responsive,non_responsive,non_responsive
618921,non_responsive,non_responsive,non_responsive,non_responsive
618922,non_responsive,non_responsive,non_responsive,non_responsive
618923,non_responsive,non_responsive,non_responsive,non_responsive
618924,non_responsive,non_responsive,non_responsive,non_responsive
618925,non_responsive,non_responsive,non_responsive,non_responsive
618926,non_responsive,non_responsive,non_responsive,non_responsive
618927,non_responsive,non_responsive,non_responsive,non_responsive
618928,non_responsive,non_responsive,non_responsive,non_responsive
618929,non_responsive,non_responsive,non_responsive,non_responsive
618930,non_responsive,non_responsive,responsive,non_responsive
618931,non_responsive,non_responsive,non_responsive,non_responsive
618932,non_responsive,non_responsive,non_responsive,non_responsive
618933,non_responsive,non_responsive,non_responsive,non_responsive
618934,non_responsive,non_responsive,non_responsive,non_responsive
618935,non_responsive,non_responsive,non_responsive,non_responsive
618936,non_responsive,non_responsive,non_responsive,non_responsive
618937,non_responsive,non_responsive,non_responsive,non_responsive
618938,non_responsive,non_responsive,non_responsive,non_responsive
618939,non_responsive,non_responsive,non_responsive,non_responsive
618940,non_responsive,non_responsive,non_responsive,non_responsive
618941,non_responsive,non_responsive,non_responsive,non_responsive
618942,non_responsive,non_responsive,non_responsive,non_responsive
618943,non_responsive,non_responsive,non_responsive,non_responsive
618944,non_responsive,non_responsive,non_responsive,non_responsive
618945,responsive,responsive,responsive,non_responsive
618946,non_responsive,non_responsive,non_responsive,non_responsive
618947,non_responsive,non_responsive,non_responsive,non_responsive
618948,non_responsive,non_responsive,non_responsive,non_responsive
618950,non_responsive,non_responsive,non_responsive,non_responsive
618951,non_responsive,non_responsive,responsive,non_responsive
618952,non_responsive,non_responsive,non_responsive,non_responsive
618953,non_responsive,non_responsive,non_responsive,non_responsive
618954,non_responsive,non_responsive,non_responsive,non_responsive
618955,non_responsive,non_responsive,non_responsive,non_responsive
618956,non_responsive,non_responsive,non_responsive,non_responsive
618957,non_responsive,non_responsive,non_responsive,non_responsive
618958,non_responsive,non_responsive,responsive,non_responsive
618959,non_responsive,non_responsive,responsive,non_responsive
618960,non_responsive,non_responsive,non_responsive,non_responsive
618961,non_responsive,non_responsive,non_responsive,non_responsive
618962,non_responsive,non_responsive,responsive,non_responsive
618963,responsive,responsive,responsive,non_responsive
618964,non_responsive,non_responsive,non_responsive,non_responsive
619672,non_responsive,non_responsive,non_responsive,non_responsive
619673,non_responsive,non_responsive,non_responsive,non_responsive
619674,non_responsive,responsive,responsive,non_responsive
619675,non_responsive,non_responsive,non_responsive,non_responsive
619830,non_responsive,non_responsive,non_responsive,non_responsive
619831,non_responsive,non_responsive,non_responsive,non_responsive
619832,non_responsive,non_responsive,non_responsive,non_responsive
619833,non_responsive,non_responsive,non_responsive,non_responsive
619834,non_responsive,non_responsive,non_responsive,non_responsive
619835,non_responsive,non_responsive,non_responsive,non_responsive
619836,non_responsive,non_responsive,non_responsive,non_responsive
619837,non_responsive,non_responsive,non_responsive,non_responsive
619838,non_responsive,non_responsive,non_responsive,non_responsive
619839,non_responsive,non_responsive,non_responsive,non_responsive
623296,non_responsive,non_responsive,non_responsive,non_responsive
623336,non_responsive,non_responsive,non_responsive,non_responsive
626249,non_responsive,non_responsive,non_responsive,non_responsive
632746,non_responsive,non_responsive,non_responsive,non_responsive
632747,non_responsive,non_responsive,non_responsive,non_responsive
632748,non_responsive,non_responsive,non_responsive,non_responsive
632749,non_responsive,non_responsive,non_responsive,non_responsive
632750,non_responsive,non_responsive,non_responsive,non_responsive
632751,non_responsive,non_responsive,non_responsive,non_responsive
632752,non_responsive,non_responsive,non_responsive,non_responsive
632753,non_responsive,non_responsive,non_responsive,non_responsive
632754,non_responsive,non_responsive,non_responsive,non_responsive
632755,non_responsive,non_responsive,non_responsive,non_responsive
632756,non_responsive,non_responsive,non_responsive,non_responsive
632757,non_responsive,non_responsive,non_responsive,non_responsive
632758,non_responsive,non_responsive,non_responsive,non_responsive
632759,non_responsive,non_responsive,non_responsive,non_responsive
632760,non_responsive,non_responsive,non_responsive,non_responsive
632761,non_responsive,non_responsive,non_responsive,non_responsive
632762,non_responsive,non_responsive,non_responsive,non_responsive
632763,non_responsive,non_responsive,non_responsive,non_responsive
632764,non_responsive,non_responsive,non_responsive,non_responsive
632765,non_responsive,non_responsive,non_responsive,non_responsive
632766,non_responsive,non_responsive,non_responsive,non_responsive
632767,non_responsive,non_responsive,non_responsive,non_responsive
632768,non_responsive,non_responsive,non_responsive,non_responsive
632769,non_responsive,non_responsive,non_responsive,non_responsive
633155,non_responsive,non_responsive,non_responsive,non_responsive
633156,non_responsive,non_responsive,non_responsive,non_responsive
633157,non_responsive,non_responsive,non_responsive,non_responsive
633158,non_responsive,non_responsive,non_responsive,non_responsive
633159,non_responsive,non_responsive,non_responsive,non_responsive
633160,non_responsive,non_responsive,non_responsive,non_responsive
633161,non_responsive,non_responsive,non_responsive,non_responsive
633162,non_responsive,non_responsive,non_responsive,non_responsive
633163,non_responsive,non_responsive,non_responsive,non_responsive
633164,non_responsive,non_responsive,non_responsive,non_responsive
633165,non_responsive,non_responsive,non_responsive,non_responsive
633166,non_responsive,non_responsive,responsive,non_responsive
633167,non_responsive,non_responsive,non_responsive,non_responsive
633168,non_responsive,non_responsive,non_responsive,non_responsive
633169,non_responsive,non_responsive,non_responsive,non_responsive
633170,non_responsive,non_responsive,non_responsive,non_responsive
633171,non_responsive,non_responsive,non_responsive,non_responsive
633172,non_responsive,non_responsive,non_responsive,non_responsive
634829,non_responsive,non_responsive,non_responsive,non_responsive
634830,non_responsive,non_responsive,non_responsive,non_responsive
634832,non_responsive,responsive,responsive,non_responsive
634833,non_responsive,responsive,responsive,non_responsive
634834,non_responsive,non_responsive,responsive,non_responsive
634836,non_responsive,non_responsive,responsive,non_responsive
634906,non_responsive,non_responsive,non_responsive,non_responsive
634907,non_responsive,non_responsive,non_responsive,non_responsive
634908,non_responsive,non_responsive,non_responsive,non_responsive
634909,non_responsive,non_responsive,non_responsive,non_responsive
634910,non_responsive,non_responsive,non_responsive,non_responsive
634911,non_responsive,non_responsive,non_responsive,non_responsive
634914,non_responsive,non_responsive,non_responsive,non_responsive
634915,non_responsive,non_responsive,non_responsive,non_responsive
634917,non_responsive,non_responsive,non_responsive,non_responsive
634919,non_responsive,non_responsive,non_responsive,non_responsive
637971,non_responsive,non_responsive,non_responsive,non_responsive
638165,non_responsive,non_responsive,responsive,non_responsive
638949,non_responsive,non_responsive,non_responsive,non_responsive
639167,non_responsive,non_responsive,non_responsive,non_responsive
639695,non_responsive,non_responsive,non_responsive,non_responsive
640317,non_responsive,non_responsive,non_responsive,non_responsive
643002,non_responsive,non_responsive,non_responsive,non_responsive
645792,non_responsive,non_responsive,non_responsive,non_responsive
645945,non_responsive,non_responsive,non_responsive,non_responsive
647129,non_responsive,non_responsive,non_responsive,non_responsive
647423,non_responsive,non_responsive,non_responsive,non_responsive
648221,non_responsive,non_responsive,non_responsive,non_responsive
651282,non_responsive,non_responsive,non_responsive,non_responsive
651554,non_responsive,non_responsive,non_responsive,non_responsive
652476,non_responsive,non_responsive,non_responsive,non_responsive
654289,non_responsive,non_responsive,non_responsive,non_responsive
655139,non_responsive,non_responsive,non_responsive,non_responsive
655447,non_responsive,non_responsive,non_responsive,non_responsive
655882,non_responsive,non_responsive,non_responsive,non_responsive
657031,non_responsive,non_responsive,non_responsive,non_responsive
657458,non_responsive,non_responsive,non_responsive,non_responsive
659315,non_responsive,non_responsive,non_responsive,non_responsive
659442,non_responsive,non_responsive,non_responsive,non_responsive
660266,non_responsive,non_responsive,non_responsive,non_responsive
661254,non_responsive,non_responsive,non_responsive,non_responsive
661390,non_responsive,non_responsive,non_responsive,non_responsive
662650,non_responsive,non_responsive,non_responsive,non_responsive
662942,non_responsive,non_responsive,non_responsive,non_responsive
663482,non_responsive,non_responsive,non_responsive,non_responsive
664643,non_responsive,non_responsive,non_responsive,non_responsive
665535,non_responsive,non_responsive,non_responsive,non_responsive
689440,non_responsive,non_responsive,non_responsive,non_responsive
690360,non_responsive,non_responsive,non_responsive,non_responsive
694030,non_responsive,non_responsive,non_responsive,non_responsive
694031,non_responsive,non_responsive,non_responsive,non_responsive
694032,non_responsive,non_responsive,non_responsive,non_responsive
694033,non_responsive,non_responsive,non_responsive,non_responsive
694034,non_responsive,non_responsive,non_responsive,non_responsive
694035,non_responsive,non_responsive,non_responsive,non_responsive
695177,non_responsive,non_responsive,non_responsive,non_responsive
695287,non_responsive,non_responsive,non_responsive,non_responsive
697056,non_responsive,non_responsive,non_responsive,non_responsive
697193,non_responsive,non_responsive,non_responsive,non_responsive
698266,non_responsive,non_responsive,non_responsive,non_responsive
698558,non_responsive,non_responsive,non_responsive,non_responsive
699205,non_responsive,non_responsive,non_responsive,non_responsive
699277,non_responsive,non_responsive,non_responsive,non_responsive
700030,non_responsive,non_responsive,non_responsive,non_responsive
700287,non_responsive,non_responsive,non_responsive,non_responsive
701007,non_responsive,non_responsive,non_responsive,non_responsive
701443,non_responsive,non_responsive,non_responsive,non_responsive
701528,non_responsive,non_responsive,non_responsive,non_responsive
701529,non_responsive,non_responsive,non_responsive,non_responsive
701575,non_responsive,non_responsive,non_responsive,non_responsive
701625,non_responsive,non_responsive,non_responsive,non_responsive
702205,non_responsive,non_responsive,non_responsive,non_responsive
702290,non_responsive,non_responsive,non_responsive,non_responsive
702607,non_responsive,non_responsive,non_responsive,non_responsive
702942,non_responsive,non_responsive,non_responsive,non_responsive
703457,non_responsive,non_responsive,non_responsive,non_responsive
703494,non_responsive,non_responsive,non_responsive,non_responsive
703703,non_responsive,non_responsive,non_responsive,non_responsive
704109,non_responsive,non_responsive,non_responsive,non_responsive
704157,non_responsive,non_responsive,non_responsive,non_responsive
704241,non_responsive,non_responsive,non_responsive,non_responsive
704432,non_responsive,non_responsive,non_responsive,non_responsive
704680,non_responsive,non_responsive,non_responsive,non_responsive
704743,non_responsive,non_responsive,non_responsive,non_responsive
705555,non_responsive,non_responsive,non_responsive,non_responsive
706908,non_responsive,non_responsive,non_responsive,non_responsive
709761,non_responsive,non_responsive,non_responsive,non_responsive
717017,non_responsive,non_responsive,non_responsive,non_responsive
729252,non_responsive,non_responsive,non_responsive,non_responsive
740284,non_responsive,non_responsive,non_responsive,non_responsive
751278,non_responsive,non_responsive,non_responsive,non_responsive
751295,non_responsive,non_responsive,non_responsive,non_responsive
752612,non_responsive,non_responsive,non_responsive,non_responsive
752902,non_responsive,non_responsive,non_responsive,non_responsive
755212,non_responsive,non_responsive,non_responsive,non_responsive
755642,non_responsive,non_responsive,non_responsive,non_responsive
756355,non_responsive,non_responsive,non_responsive,non_responsive
756885,non_responsive,non_responsive,non_responsive,non_responsive
772351,non_responsive,non_responsive,non_responsive,non_responsive
772644,non_responsive,non_responsive,non_responsive,non_responsive
774062,non_responsive,non_responsive,non_responsive,non_responsive
774063,non_responsive,non_responsive,non_responsive,non_responsive
787474,non_responsive,non_responsive,non_responsive,non_responsive
789399,non_responsive,non_responsive,non_responsive,non_responsive
793863,non_responsive,non_responsive,non_responsive,non_responsive
795516,non_responsive,non_responsive,non_responsive,non_responsive
795574,non_responsive,non_responsive,non_responsive,non_responsive
795756,non_responsive,non_responsive,non_responsive,non_responsive
797573,non_responsive,non_responsive,non_responsive,non_responsive
798078,non_responsive,non_responsive,non_responsive,non_responsive
801145,non_responsive,non_responsive,non_responsive,non_responsive
801146,non_responsive,non_responsive,non_responsive,non_responsive
801147,non_responsive,non_responsive,non_responsive,non_responsive
801148,non_responsive,non_responsive,non_responsive,non_responsive
801149,non_responsive,non_responsive,non_responsive,non_responsive
801150,non_responsive,non_responsive,non_responsive,non_responsive
801151,non_responsive,non_responsive,non_responsive,non_responsive
801153,non_responsive,non_responsive,non_responsive,non_responsive
801154,non_responsive,non_responsive,responsive,non_responsive
801155,non_responsive,non_responsive,non_responsive,non_responsive
801156,non_responsive,non_responsive,responsive,non_responsive
801157,non_responsive,non_responsive,non_responsive,non_responsive
801158,non_responsive,non_responsive,non_responsive,non_responsive
801159,non_responsive,non_responsive,non_responsive,non_responsive
802356,non_responsive,non_responsive,non_responsive,non_responsive
802357,non_responsive,non_responsive,non_responsive,non_responsive
802358,non_responsive,non_responsive,non_responsive,non_responsive
802359,non_responsive,non_responsive,non_responsive,non_responsive
802360,non_responsive,non_responsive,non_responsive,non_responsive
802361,non_responsive,non_responsive,non_responsive,non_responsive
802362,non_responsive,non_responsive,non_responsive,non_responsive
810180,non_responsive,non_responsive,non_responsive,non_responsive
810947,non_responsive,non_responsive,non_responsive,non_responsive
811080,non_responsive,non_responsive,non_responsive,non_responsive
811082,non_responsive,non_responsive,non_responsive,non_responsive
811206,non_responsive,non_responsive,non_responsive,non_responsive
811333,non_responsive,non_responsive,non_responsive,non_responsive
811375,non_responsive,non_responsive,non_responsive,non_responsive
811381,non_responsive,non_responsive,non_responsive,non_responsive
811467,non_responsive,non_responsive,non_responsive,non_responsive
811594,non_responsive,non_responsive,non_responsive,non_responsive
811595,non_responsive,non_responsive,non_responsive,non_responsive
811725,non_responsive,non_responsive,non_responsive,non_responsive
811754,non_responsive,non_responsive,non_responsive,non_responsive
811961,non_responsive,non_responsive,non_responsive,non_responsive
812070,non_responsive,non_responsive,non_responsive,non_responsive
812072,non_responsive,non_responsive,non_responsive,non_responsive
812078,non_responsive,non_responsive,non_responsive,non_responsive
813399,non_responsive,non_responsive,non_responsive,non_responsive
813400,non_responsive,non_responsive,non_responsive,non_responsive
813401,non_responsive,non_responsive,non_responsive,non_responsive
813448,non_responsive,non_responsive,non_responsive,non_responsive
816681,non_responsive,non_responsive,non_responsive,non_responsive
818087,non_responsive,non_responsive,non_responsive,non_responsive
818088,non_responsive,non_responsive,non_responsive,non_responsive
818089,non_responsive,non_responsive,non_responsive,non_responsive
818090,non_responsive,non_responsive,non_responsive,non_responsive
818091,non_responsive,non_responsive,non_responsive,non_responsive
818092,non_responsive,non_responsive,non_responsive,non_responsive
818093,non_responsive,non_responsive,non_responsive,non_responsive
818094,non_responsive,non_responsive,non_responsive,non_responsive
818095,non_responsive,non_responsive,non_responsive,non_responsive
818096,non_responsive,non_responsive,non_responsive,non_responsive
818097,non_responsive,non_responsive,non_responsive,non_responsive
818098,non_responsive,non_responsive,non_responsive,non_responsive
818099,non_responsive,non_responsive,non_responsive,non_responsive
818102,non_responsive,non_responsive,non_responsive,non_responsive
818103,non_responsive,non_responsive,non_responsive,non_responsive
818104,non_responsive,non_responsive,non_responsive,non_responsive
818106,non_responsive,non_responsive,non_responsive,non_responsive
818107,non_responsive,non_responsive,non_responsive,non_responsive
818109,non_responsive,non_responsive,non_responsive,non_responsive
818112,non_responsive,non_responsive,non_responsive,non_responsive
818113,non_responsive,non_responsive,non_responsive,non_responsive
818114,non_responsive,non_responsive,non_responsive,non_responsive
818115,non_responsive,non_responsive,non_responsive,non_responsive
818116,non_responsive,non_responsive,non_responsive,non_responsive
818117,non_responsive,non_responsive,non_responsive,non_responsive
818119,non_responsive,non_responsive,non_responsive,non_responsive
818120,non_responsive,non_responsive,non_responsive,non_responsive
818123,non_responsive,non_responsive,non_responsive,non_responsive
818124,non_responsive,non_responsive,non_responsive,non_responsive
818125,non_responsive,non_responsive,non_responsive,non_responsive
818126,non_responsive,non_responsive,non_responsive,non_responsive
818127,non_responsive,non_responsive,non_responsive,non_responsive
818129,non_responsive,non_responsive,non_responsive,non_responsive
818130,non_responsive,non_responsive,non_responsive,non_responsive
818131,non_responsive,non_responsive,non_responsive,non_responsive
818132,non_responsive,non_responsive,non_responsive,non_responsive
818133,non_responsive,non_responsive,non_responsive,non_responsive
818134,non_responsive,non_responsive,non_responsive,non_responsive
818137,non_responsive,non_responsive,non_responsive,non_responsive
818138,non_responsive,non_responsive,non_responsive,non_responsive
818139,non_responsive,non_responsive,non_responsive,non_responsive
818140,non_responsive,non_responsive,non_responsive,non_responsive
818141,non_responsive,non_responsive,non_responsive,non_responsive
818144,non_responsive,non_responsive,non_responsive,non_responsive
818145,non_responsive,non_responsive,non_responsive,non_responsive
818146,non_responsive,non_responsive,non_responsive,non_responsive
818148,non_responsive,non_responsive,non_responsive,non_responsive
818149,non_responsive,non_responsive,non_responsive,non_responsive
818150,non_responsive,non_responsive,non_responsive,non_responsive
818151,non_responsive,non_responsive,non_responsive,non_responsive
818152,non_responsive,non_responsive,non_responsive,non_responsive
818153,non_responsive,non_responsive,non_responsive,non_responsive
818155,non_responsive,non_responsive,non_responsive,non_responsive
818156,non_responsive,non_responsive,non_responsive,non_responsive
818157,non_responsive,non_responsive,non_responsive,non_responsive
818158,non_responsive,non_responsive,non_responsive,non_responsive
818159,non_responsive,non_responsive,non_responsive,non_responsive
818160,non_responsive,non_responsive,non_responsive,non_responsive
818230,non_responsive,non_responsive,non_responsive,non_responsive
818231,non_responsive,non_responsive,non_responsive,non_responsive
818605,non_responsive,non_responsive,non_responsive,non_responsive
818606,non_responsive,non_responsive,non_responsive,non_responsive
818610,non_responsive,non_responsive,non_responsive,non_responsive
818724,non_responsive,non_responsive,non_responsive,non_responsive
818883,non_responsive,non_responsive,non_responsive,non_responsive
819008,non_responsive,non_responsive,non_responsive,non_responsive
819812,non_responsive,non_responsive,non_responsive,non_responsive
820016,non_responsive,non_responsive,non_responsive,non_responsive
820080,non_responsive,non_responsive,non_responsive,non_responsive
820108,non_responsive,non_responsive,non_responsive,non_responsive
820179,non_responsive,non_responsive,responsive,non_responsive
820398,non_responsive,non_responsive,responsive,non_responsive
820421,non_responsive,non_responsive,non_responsive,non_responsive
820539,non_responsive,non_responsive,non_responsive,non_responsive
820807,non_responsive,non_responsive,non_responsive,non_responsive
820857,non_responsive,non_responsive,non_responsive,non_responsive
820889,non_responsive,non_responsive,non_responsive,non_responsive
821041,non_responsive,non_responsive,non_responsive,non_responsive
821347,non_responsive,non_responsive,non_responsive,non_responsive
821923,non_responsive,non_responsive,non_responsive,non_responsive
822413,non_responsive,non_responsive,non_responsive,non_responsive
822817,non_responsive,non_responsive,non_responsive,non_responsive
823066,non_responsive,non_responsive,non_responsive,non_responsive
823214,non_responsive,non_responsive,non_responsive,non_responsive
823416,non_responsive,non_responsive,non_responsive,non_responsive
823458,non_responsive,non_responsive,non_responsive,non_responsive
823472,non_responsive,non_responsive,non_responsive,non_responsive
823649,non_responsive,non_responsive,non_responsive,non_responsive
823713,non_responsive,non_responsive,non_responsive,non_responsive
824125,non_responsive,non_responsive,non_responsive,non_responsive
824617,non_responsive,non_responsive,non_responsive,non_responsive
824631,non_responsive,non_responsive,non_responsive,non_responsive
824764,non_responsive,non_responsive,non_responsive,non_responsive
824832,non_responsive,non_responsive,non_responsive,non_responsive
824887,non_responsive,non_responsive,non_responsive,non_responsive
826316,non_responsive,non_responsive,non_responsive,non_responsive
826938,non_responsive,non_responsive,non_responsive,non_responsive
828069,non_responsive,non_responsive,non_responsive,non_responsive
828070,non_responsive,non_responsive,responsive,non_responsive
835913,non_responsive,non_responsive,non_responsive,non_responsive
837464,non_responsive,non_responsive,non_responsive,non_responsive
837480,non_responsive,non_responsive,non_responsive,non_responsive
837663,non_responsive,non_responsive,non_responsive,non_responsive
838648,non_responsive,non_responsive,non_responsive,non_responsive
840302,non_responsive,non_responsive,non_responsive,non_responsive
840799,non_responsive,non_responsive,non_responsive,non_responsive
841291,non_responsive,non_responsive,non_responsive,non_responsive
842288,non_responsive,non_responsive,non_responsive,non_responsive
844540,non_responsive,non_responsive,non_responsive,non_responsive
845096,non_responsive,non_responsive,non_responsive,non_responsive
845846,non_responsive,non_responsive,non_responsive,non_responsive
848016,non_responsive,non_responsive,non_responsive,non_responsive
848224,non_responsive,non_responsive,non_responsive,non_responsive
848508,non_responsive,non_responsive,non_responsive,non_responsive
849282,non_responsive,non_responsive,non_responsive,non_responsive
850844,non_responsive,non_responsive,responsive,non_responsive
851899,non_responsive,non_responsive,non_responsive,non_responsive
852701,non_responsive,non_responsive,non_responsive,non_responsive
853481,non_responsive,non_responsive,non_responsive,non_responsive
853528,non_responsive,non_responsive,non_responsive,non_responsive
853612,non_responsive,non_responsive,non_responsive,non_responsive
853799,non_responsive,non_responsive,non_responsive,non_responsive
855937,non_responsive,non_responsive,non_responsive,non_responsive
856128,non_responsive,non_responsive,non_responsive,non_responsive
858353,non_responsive,non_responsive,non_responsive,non_responsive
858501,non_responsive,non_responsive,non_responsive,non_responsive
859201,non_responsive,non_responsive,non_responsive,non_responsive
859904,non_responsive,non_responsive,non_responsive,non_responsive
860104,non_responsive,non_responsive,non_responsive,non_responsive
860424,non_responsive,non_responsive,non_responsive,non_responsive
861403,non_responsive,non_responsive,non_responsive,non_responsive
861611,non_responsive,non_responsive,non_responsive,non_responsive
861818,non_responsive,non_responsive,non_responsive,non_responsive
862841,non_responsive,non_responsive,non_responsive,non_responsive
863689,non_responsive,non_responsive,responsive,non_responsive
863914,non_responsive,non_responsive,non_responsive,non_responsive
864657,non_responsive,non_responsive,non_responsive,non_responsive
871192,non_responsive,non_responsive,non_responsive,non_responsive
871193,non_responsive,non_responsive,responsive,non_responsive
908194,non_responsive,non_responsive,non_responsive,non_responsive
908195,non_responsive,non_responsive,responsive,non_responsive
908327,non_responsive,non_responsive,non_responsive,non_responsive
908328,non_responsive,non_responsive,non_responsive,non_responsive
908389,non_responsive,non_responsive,non_responsive,non_responsive
908460,non_responsive,non_responsive,non_responsive,non_responsive
909174,non_responsive,non_responsive,non_responsive,non_responsive
909175,non_responsive,non_responsive,non_responsive,non_responsive
909238,responsive,responsive,responsive,non_responsive
909239,non_responsive,non_responsive,non_responsive,non_responsive
909240,non_responsive,non_responsive,non_responsive,non_responsive
910137,non_responsive,non_responsive,non_responsive,non_responsive
910201,non_responsive,non_responsive,non_responsive,non_responsive
910202,non_responsive,non_responsive,non_responsive,non_responsive
911099,non_responsive,non_responsive,non_responsive,non_responsive
911235,non_responsive,non_responsive,non_responsive,non_responsive
911236,non_responsive,non_responsive,non_responsive,non_responsive
911237,non_responsive,non_responsive,non_responsive,non_responsive
911238,non_responsive,non_responsive,non_responsive,non_responsive
911312,non_responsive,non_responsive,non_responsive,non_responsive
911313,non_responsive,non_responsive,non_responsive,non_responsive
911367,non_responsive,non_responsive,non_responsive,non_responsive
911435,non_responsive,non_responsive,non_responsive,non_responsive
911436,non_responsive,non_responsive,non_responsive,non_responsive
911437,non_responsive,non_responsive,non_responsive,non_responsive
911438,non_responsive,non_responsive,non_responsive,non_responsive
911439,non_responsive,non_responsive,non_responsive,non_responsive
911440,non_responsive,non_responsive,non_responsive,non_responsive
916289,non_responsive,non_responsive,non_responsive,non_responsive
916290,non_responsive,non_responsive,non_responsive,non_responsive
916699,non_responsive,non_responsive,non_responsive,non_responsive
917606,non_responsive,non_responsive,responsive,non_responsive
917628,non_responsive,non_responsive,non_responsive,non_responsive
917638,non_responsive,non_responsive,non_responsive,non_responsive
917684,non_responsive,non_responsive,non_responsive,non_responsive
917999,non_responsive,non_responsive,non_responsive,non_responsive
918085,non_responsive,non_responsive,non_responsive,non_responsive
918086,non_responsive,non_responsive,non_responsive,non_responsive
918155,non_responsive,non_responsive,non_responsive,non_responsive
928494,non_responsive,non_responsive,responsive,non_responsive
928495,non_responsive,non_responsive,non_responsive,non_responsive
928496,non_responsive,non_responsive,non_responsive,non_responsive
928504,non_responsive,non_responsive,non_responsive,non_responsive
928505,non_responsive,non_responsive,non_responsive,non_responsive
928506,non_responsive,non_responsive,non_responsive,non_responsive
928507,non_responsive,non_responsive,non_responsive,non_responsive
928508,non_responsive,non_responsive,non_responsive,non_responsive
928726,non_responsive,non_responsive,non_responsive,non_responsive
928736,non_responsive,non_responsive,non_responsive,non_responsive
928746,non_responsive,non_responsive,non_responsive,non_responsive
928747,non_responsive,non_responsive,non_responsive,non_responsive
928748,non_responsive,non_responsive,non_responsive,non_responsive
928958,non_responsive,non_responsive,non_responsive,non_responsive
928980,non_responsive,non_responsive,non_responsive,non_responsive
928981,non_responsive,non_responsive,non_responsive,non_responsive
928982,non_responsive,non_responsive,non_responsive,non_responsive
928983,non_responsive,non_responsive,non_responsive,non_responsive
929213,non_responsive,non_responsive,non_responsive,non_responsive
929222,non_responsive,non_responsive,non_responsive,non_responsive
929223,non_responsive,non_responsive,non_responsive,non_responsive
929224,non_responsive,non_responsive,non_responsive,non_responsive
929225,non_responsive,non_responsive,non_responsive,non_responsive
932194,non_responsive,non_responsive,non_responsive,non_responsive
932918,non_responsive,non_responsive,non_responsive,non_responsive
932922,non_responsive,non_responsive,non_responsive,non_responsive
933197,non_responsive,non_responsive,non_responsive,non_responsive
934842,non_responsive,non_responsive,non_responsive,non_responsive
938676,non_responsive,non_responsive,non_responsive,non_responsive
939756,non_responsive,non_responsive,non_responsive,non_responsive
940464,non_responsive,non_responsive,non_responsive,non_responsive
942569,non_responsive,non_responsive,non_responsive,non_responsive
943683,non_responsive,non_responsive,non_responsive,non_responsive
944789,non_responsive,non_responsive,non_responsive,non_responsive
944877,non_responsive,non_responsive,non_responsive,non_responsive
945120,non_responsive,non_responsive,non_responsive,non_responsive
946044,non_responsive,non_responsive,non_responsive,non_responsive
947433,non_responsive,non_responsive,non_responsive,non_responsive
950097,non_responsive,non_responsive,non_responsive,non_responsive
950371,non_responsive,non_responsive,non_responsive,non_responsive
950525,non_responsive,non_responsive,responsive,non_responsive
951237,non_responsive,non_responsive,non_responsive,non_responsive
952676,non_responsive,non_responsive,non_responsive,non_responsive
955475,non_responsive,non_responsive,non_responsive,non_responsive
955878,non_responsive,non_responsive,non_responsive,non_responsive
961121,non_responsive,non_responsive,non_responsive,non_responsive
962815,non_responsive,non_responsive,non_responsive,non_responsive
964088,non_responsive,non_responsive,non_responsive,non_responsive
964811,non_responsive,non_responsive,non_responsive,non_responsive
965117,non_responsive,non_responsive,non_responsive,non_responsive
965432,non_responsive,non_responsive,non_responsive,non_responsive
965976,non_responsive,non_responsive,non_responsive,non_responsive
966212,non_responsive,non_responsive,non_responsive,non_responsive
966458,non_responsive,non_responsive,non_responsive,non_responsive
966693,non_responsive,non_responsive,non_responsive,non_responsive
967562,non_responsive,non_responsive,non_responsive,non_responsive
969100,non_responsive,non_responsive,non_responsive,non_responsive
969643,non_responsive,non_responsive,non_responsive,non_responsive
969696,non_responsive,non_responsive,non_responsive,non_responsive
969873,non_responsive,non_responsive,non_responsive,non_responsive
970265,non_responsive,non_responsive,non_responsive,non_responsive
970881,non_responsive,non_responsive,non_responsive,non_responsive
971487,non_responsive,responsive,responsive,non_responsive
973505,non_responsive,non_responsive,non_responsive,non_responsive
973859,non_responsive,non_responsive,non_responsive,non_responsive
973860,non_responsive,non_responsive,non_responsive,non_responsive
973863,non_responsive,non_responsive,non_responsive,non_responsive
973864,non_responsive,non_responsive,non_responsive,non_responsive
973892,non_responsive,non_responsive,non_responsive,non_responsive
973893,non_responsive,non_responsive,responsive,non_responsive
974735,non_responsive,non_responsive,non_responsive,non_responsive
974736,non_responsive,non_responsive,non_responsive,non_responsive
974985,non_responsive,non_responsive,non_responsive,non_responsive
976530,non_responsive,non_responsive,non_responsive,non_responsive
977083,non_responsive,non_responsive,non_responsive,non_responsive
977086,non_responsive,non_responsive,responsive,non_responsive
977093,non_responsive,non_responsive,non_responsive,non_responsive
981083,non_responsive,non_responsive,non_responsive,non_responsive
981112,non_responsive,non_responsive,non_responsive,non_responsive
982045,non_responsive,non_responsive,non_responsive,non_responsive
983514,non_responsive,non_responsive,non_responsive,non_responsive
983576,non_responsive,non_responsive,non_responsive,non_responsive
983577,non_responsive,non_responsive,non_responsive,non_responsive
983578,non_responsive,non_responsive,non_responsive,non_responsive
983579,non_responsive,non_responsive,non_responsive,non_responsive
983580,non_responsive,non_responsive,non_responsive,non_responsive
983581,non_responsive,non_responsive,non_responsive,non_responsive
983582,non_responsive,non_responsive,non_responsive,non_responsive
983583,non_responsive,non_responsive,non_responsive,non_responsive
983864,non_responsive,non_responsive,non_responsive,non_responsive
983865,non_responsive,non_responsive,non_responsive,non_responsive
983866,non_responsive,non_responsive,non_responsive,non_responsive
983867,non_responsive,non_responsive,non_responsive,non_responsive
983868,non_responsive,non_responsive,non_responsive,non_responsive
983869,non_responsive,non_responsive,non_responsive,non_responsive
984340,non_responsive,non_responsive,non_responsive,non_responsive
984341,non_responsive,non_responsive,non_responsive,non_responsive
984342,non_responsive,non_responsive,non_responsive,non_responsive
984343,non_responsive,non_responsive,non_responsive,non_responsive
984344,non_responsive,non_responsive,non_responsive,non_responsive
984345,non_responsive,non_responsive,non_responsive,non_responsive
984346,non_responsive,non_responsive,non_responsive,non_responsive
984347,non_responsive,non_responsive,non_responsive,non_responsive
984490,non_responsive,non_responsive,non_responsive,non_responsive
987847,non_responsive,non_responsive,non_responsive,non_responsive
987858,non_responsive,non_responsive,non_responsive,non_responsive
988448,non_responsive,non_responsive,non_responsive,non_responsive
990532,non_responsive,non_responsive,non_responsive,non_responsive
990533,non_responsive,non_responsive,non_responsive,non_responsive
990534,non_responsive,non_responsive,non_responsive,non_responsive
990535,non_responsive,non_responsive,non_responsive,non_responsive
990536,non_responsive,non_responsive,non_responsive,non_responsive
990537,non_responsive,non_responsive,non_responsive,non_responsive
990538,non_responsive,non_responsive,non_responsive,non_responsive
990539,non_responsive,non_responsive,non_responsive,non_responsive
990540,non_responsive,non_responsive,non_responsive,non_responsive
990541,non_responsive,non_responsive,non_responsive,non_responsive
992224,non_responsive,non_responsive,non_responsive,non_responsive
993031,non_responsive,non_responsive,non_responsive,non_responsive
993060,non_responsive,non_responsive,non_responsive,non_responsive
993061,non_responsive,non_responsive,non_responsive,non_responsive
993062,non_responsive,non_responsive,non_responsive,non_responsive
993063,non_responsive,non_responsive,non_responsive,non_responsive
993100,non_responsive,non_responsive,non_responsive,non_responsive
993101,non_responsive,non_responsive,non_responsive,non_responsive
993186,non_responsive,non_responsive,non_responsive,non_responsive
993219,responsive,responsive,responsive,non_responsive
993348,non_responsive,non_responsive,non_responsive,non_responsive
993512,non_responsive,non_responsive,non_responsive,non_responsive
993519,non_responsive,non_responsive,non_responsive,non_responsive
993611,non_responsive,non_responsive,non_responsive,non_responsive
993804,non_responsive,non_responsive,non_responsive,non_responsive
993898,non_responsive,non_responsive,non_responsive,non_responsive
993922,non_responsive,non_responsive,non_responsive,non_responsive
993945,non_responsive,non_responsive,non_responsive,non_responsive
994086,non_responsive,non_responsive,non_responsive,non_responsive
994117,non_responsive,non_responsive,non_responsive,non_responsive
994118,non_responsive,non_responsive,non_responsive,non_responsive
994136,non_responsive,non_responsive,non_responsive,non_responsive
994151,non_responsive,non_responsive,non_responsive,non_responsive
994172,non_responsive,non_responsive,non_responsive,non_responsive
994278,non_responsive,non_responsive,non_responsive,non_responsive
994320,non_responsive,non_responsive,non_responsive,non_responsive
995655,non_responsive,non_responsive,non_responsive,non_responsive
996222,non_responsive,non_responsive,non_responsive,non_responsive
996249,non_responsive,non_responsive,non_responsive,non_responsive
996250,non_responsive,non_responsive,non_responsive,non_responsive
1000823,non_responsive,non_responsive,non_responsive,non_responsive
1002760,non_responsive,non_responsive,non_responsive,non_responsive
1003660,non_responsive,non_responsive,non_responsive,non_responsive
1007213,non_responsive,non_responsive,non_responsive,non_responsive
1009171,non_responsive,non_responsive,non_responsive,non_responsive
1009391,non_responsive,non_responsive,non_responsive,non_responsive
1009463,non_responsive,non_responsive,non_responsive,non_responsive
1010196,non_responsive,non_responsive,non_responsive,non_responsive
1011536,non_responsive,non_responsive,non_responsive,non_responsive
1012571,non_responsive,non_responsive,non_responsive,non_responsive
1012572,non_responsive,non_responsive,non_responsive,non_responsive
1018653,non_responsive,non_responsive,non_responsive,non_responsive
1018890,non_responsive,non_responsive,non_responsive,non_responsive
1024644,non_responsive,non_responsive,non_responsive,non_responsive
1027585,non_responsive,non_responsive,non_responsive,non_responsive
1027591,non_responsive,non_responsive,non_responsive,non_responsive
1029874,non_responsive,non_responsive,non_responsive,non_responsive
1029875,non_responsive,non_responsive,non_responsive,non_responsive
1029876,non_responsive,non_responsive,non_responsive,non_responsive
1035472,non_responsive,non_responsive,non_responsive,non_responsive
1036122,non_responsive,non_responsive,non_responsive,non_responsive
1037205,non_responsive,non_responsive,non_responsive,non_responsive
1037208,non_responsive,non_responsive,non_responsive,non_responsive
1038310,non_responsive,non_responsive,non_responsive,non_responsive
1038737,non_responsive,non_responsive,non_responsive,non_responsive
1039311,non_responsive,non_responsive,non_responsive,non_responsive
1040997,non_responsive,non_responsive,non_responsive,non_responsive
1042311,non_responsive,non_responsive,non_responsive,non_responsive
1043026,non_responsive,non_responsive,non_responsive,non_responsive
1043097,non_responsive,non_responsive,non_responsive,non_responsive
1043398,non_responsive,non_responsive,non_responsive,non_responsive
1044113,non_responsive,non_responsive,non_responsive,non_responsive
1044502,non_responsive,non_responsive,non_responsive,non_responsive
1046296,non_responsive,non_responsive,non_responsive,non_responsive
1048778,non_responsive,non_responsive,non_responsive,non_responsive
1051107,non_responsive,non_responsive,non_responsive,non_responsive
1052121,non_responsive,non_responsive,non_responsive,non_responsive
1052165,non_responsive,non_responsive,non_responsive,non_responsive
1053721,non_responsive,non_responsive,non_responsive,non_responsive
1053748,non_responsive,non_responsive,non_responsive,non_responsive
1054952,non_responsive,non_responsive,non_responsive,non_responsive
1055358,non_responsive,non_responsive,non_responsive,non_responsive
1060053,non_responsive,non_responsive,non_responsive,non_responsive
1064446,non_responsive,non_responsive,non_responsive,non_responsive
1064636,non_responsive,non_responsive,responsive,non_responsive
1065566,non_responsive,non_responsive,non_responsive,non_responsive
1065569,non_responsive,non_responsive,non_responsive,non_responsive
1065570,non_responsive,non_responsive,non_responsive,non_responsive
1065980,non_responsive,non_responsive,non_responsive,non_responsive
1069281,non_responsive,non_responsive,non_responsive,non_responsive
1069526,non_responsive,non_responsive,non_responsive,non_responsive
1069549,non_responsive,non_responsive,non_responsive,non_responsive
1070544,non_responsive,non_responsive,non_responsive,non_responsive
1073653,non_responsive,non_responsive,non_responsive,non_responsive
1077681,non_responsive,non_responsive,non_responsive,non_responsive
1077742,non_responsive,non_responsive,non_responsive,non_responsive
1077964,non_responsive,non_responsive,non_responsive,non_responsive
1078247,non_responsive,non_responsive,non_responsive,non_responsive
1078712,non_responsive,non_responsive,non_responsive,non_responsive
1078840,non_responsive,non_responsive,non_responsive,non_responsive
1078903,non_responsive,non_responsive,non_responsive,non_responsive
1079153,non_responsive,non_responsive,non_responsive,non_responsive
1079547,non_responsive,non_responsive,non_responsive,non_responsive
1079603,non_responsive,non_responsive,non_responsive,non_responsive
1080303,non_responsive,non_responsive,non_responsive,non_responsive
1081060,non_responsive,non_responsive,non_responsive,non_responsive
1081105,non_responsive,non_responsive,non_responsive,non_responsive
1081480,non_responsive,non_responsive,non_responsive,non_responsive
1081930,non_responsive,non_responsive,non_responsive,non_responsive
1082294,non_responsive,non_responsive,non_responsive,non_responsive
1082339,non_responsive,non_responsive,non_responsive,non_responsive
1082482,non_responsive,non_responsive,non_responsive,non_responsive
1082501,non_responsive,non_responsive,non_responsive,non_responsive
1083516,non_responsive,non_responsive,non_responsive,non_responsive
1083567,non_responsive,non_responsive,non_responsive,non_responsive
1083700,non_responsive,non_responsive,non_responsive,non_responsive
1084240,non_responsive,non_responsive,non_responsive,non_responsive
1085261,non_responsive,non_responsive,non_responsive,non_responsive
1085544,non_responsive,non_responsive,non_responsive,non_responsive
1085746,non_responsive,non_responsive,non_responsive,non_responsive
1086609,non_responsive,non_responsive,non_responsive,non_responsive
1087383,non_responsive,non_responsive,non_responsive,non_responsive
1087818,non_responsive,non_responsive,non_responsive,non_responsive
1088245,non_responsive,non_responsive,non_responsive,non_responsive
1089053,non_responsive,non_responsive,non_responsive,non_responsive
1089061,non_responsive,non_responsive,non_responsive,non_responsive
1089110,non_responsive,non_responsive,non_responsive,non_responsive
1090469,non_responsive,non_responsive,non_responsive,non_responsive
1091070,non_responsive,non_responsive,non_responsive,non_responsive
1091274,non_responsive,non_responsive,non_responsive,non_responsive
1091568,non_responsive,non_responsive,non_responsive,non_responsive
1093340,non_responsive,non_responsive,non_responsive,non_responsive
1094314,non_responsive,non_responsive,non_responsive,non_responsive
1096265,non_responsive,non_responsive,non_responsive,non_responsive
1096582,non_responsive,non_responsive,non_responsive,non_responsive
1096654,non_responsive,non_responsive,non_responsive,non_responsive
1097670,non_responsive,non_responsive,non_responsive,non_responsive
1097705,non_responsive,non_responsive,non_responsive,non_responsive
1097899,non_responsive,non_responsive,non_responsive,non_responsive
1098802,non_responsive,non_responsive,non_responsive,non_responsive
1098811,non_responsive,non_responsive,non_responsive,non_responsive
1098820,non_responsive,non_responsive,non_responsive,non_responsive
1099434,non_responsive,non_responsive,non_responsive,non_responsive
1101703,non_responsive,non_responsive,non_responsive,non_responsive
1101735,non_responsive,non_responsive,non_responsive,non_responsive
1102388,non_responsive,non_responsive,non_responsive,non_responsive
1103117,non_responsive,non_responsive,non_responsive,non_responsive
1103343,non_responsive,non_responsive,non_responsive,non_responsive
1103646,non_responsive,non_responsive,non_responsive,non_responsive
1103705,non_responsive,non_responsive,non_responsive,non_responsive
1104039,non_responsive,non_responsive,non_responsive,non_responsive
1104163,non_responsive,non_responsive,non_responsive,non_responsive
1104271,non_responsive,non_responsive,non_responsive,non_responsive
1105293,non_responsive,non_responsive,non_responsive,non_responsive
1105940,non_responsive,non_responsive,non_responsive,non_responsive
1106236,non_responsive,non_responsive,non_responsive,non_responsive
1106916,non_responsive,non_responsive,non_responsive,non_responsive
1107233,non_responsive,non_responsive,non_responsive,non_responsive
1107568,non_responsive,non_responsive,non_responsive,non_responsive
1107853,non_responsive,non_responsive,non_responsive,non_responsive
1107945,non_responsive,non_responsive,non_responsive,non_responsive
1108341,non_responsive,non_responsive,non_responsive,non_responsive
1108926,non_responsive,non_responsive,non_responsive,non_responsive
1109182,non_responsive,non_responsive,non_responsive,non_responsive
1110246,non_responsive,non_responsive,non_responsive,non_responsive
1110509,non_responsive,non_responsive,non_responsive,non_responsive
1110654,non_responsive,non_responsive,non_responsive,non_responsive
1110814,non_responsive,non_responsive,non_responsive,non_responsive
1110900,non_responsive,non_responsive,non_responsive,non_responsive
1111832,non_responsive,non_responsive,non_responsive,non_responsive
1112627,non_responsive,non_responsive,non_responsive,non_responsive
1113631,non_responsive,non_responsive,non_responsive,non_responsive
1113992,non_responsive,non_responsive,non_responsive,non_responsive
1114516,non_responsive,non_responsive,non_responsive,non_responsive
1114599,non_responsive,non_responsive,non_responsive,non_responsive
1114615,non_responsive,non_responsive,non_responsive,non_responsive
1114773,non_responsive,non_responsive,non_responsive,non_responsive
1114779,non_responsive,non_responsive,non_responsive,non_responsive
1115264,non_responsive,non_responsive,non_responsive,non_responsive
1116479,non_responsive,non_responsive,non_responsive,non_responsive
1117524,non_responsive,non_responsive,non_responsive,non_responsive
1117728,non_responsive,non_responsive,non_responsive,non_responsive
1118585,non_responsive,non_responsive,non_responsive,non_responsive
1119296,non_responsive,non_responsive,non_responsive,non_responsive
1119316,non_responsive,non_responsive,non_responsive,non_responsive
1120631,non_responsive,non_responsive,non_responsive,non_responsive
1120897,non_responsive,non_responsive,non_responsive,non_responsive
1120991,non_responsive,non_responsive,non_responsive,non_responsive
1121354,non_responsive,non_responsive,non_responsive,non_responsive
1121707,non_responsive,non_responsive,non_responsive,non_responsive
1121752,non_responsive,non_responsive,non_responsive,non_responsive
1123238,non_responsive,non_responsive,non_responsive,non_responsive
1123320,non_responsive,non_responsive,non_responsive,non_responsive
1126845,non_responsive,non_responsive,non_responsive,non_responsive
1127534,non_responsive,non_responsive,non_responsive,non_responsive
1128071,non_responsive,non_responsive,non_responsive,non_responsive
1128930,non_responsive,non_responsive,non_responsive,non_responsive
1129159,non_responsive,non_responsive,non_responsive,non_responsive
1130259,non_responsive,non_responsive,non_responsive,non_responsive
1130445,non_responsive,non_responsive,non_responsive,non_responsive
1130492,non_responsive,non_responsive,non_responsive,non_responsive
1131284,non_responsive,non_responsive,non_responsive,non_responsive
1131304,non_responsive,non_responsive,non_responsive,non_responsive
1131416,non_responsive,non_responsive,non_responsive,non_responsive
1131750,non_responsive,non_responsive,non_responsive,non_responsive
1132457,non_responsive,non_responsive,non_responsive,non_responsive
1132620,non_responsive,non_responsive,non_responsive,non_responsive
1132656,non_responsive,non_responsive,non_responsive,non_responsive
1132741,non_responsive,non_responsive,non_responsive,non_responsive
1133065,non_responsive,non_responsive,non_responsive,non_responsive
1133391,non_responsive,non_responsive,non_responsive,non_responsive
1133505,non_responsive,non_responsive,non_responsive,non_responsive
1133593,non_responsive,non_responsive,non_responsive,non_responsive
1133721,non_responsive,non_responsive,non_responsive,non_responsive
1135329,non_responsive,non_responsive,non_responsive,non_responsive
1135627,non_responsive,non_responsive,non_responsive,non_responsive
1135716,non_responsive,non_responsive,non_responsive,non_responsive
1136199,non_responsive,non_responsive,non_responsive,non_responsive
1136498,non_responsive,non_responsive,non_responsive,non_responsive
1137534,non_responsive,non_responsive,non_responsive,non_responsive
1137566,non_responsive,non_responsive,non_responsive,non_responsive
1138347,non_responsive,non_responsive,non_responsive,non_responsive
1140765,non_responsive,non_responsive,non_responsive,non_responsive
1141181,non_responsive,non_responsive,non_responsive,non_responsive
1141267,non_responsive,non_responsive,non_responsive,non_responsive
1141650,non_responsive,non_responsive,non_responsive,non_responsive
1142356,non_responsive,non_responsive,non_responsive,non_responsive
1142888,non_responsive,non_responsive,non_responsive,non_responsive
1143260,non_responsive,non_responsive,non_responsive,non_responsive
1144281,non_responsive,non_responsive,non_responsive,non_responsive
1144285,non_responsive,non_responsive,non_responsive,non_responsive
1144412,non_responsive,non_responsive,non_responsive,non_responsive
1144449,non_responsive,non_responsive,non_responsive,non_responsive
1144742,non_responsive,non_responsive,non_responsive,non_responsive
1145291,non_responsive,non_responsive,non_responsive,non_responsive
1145690,non_responsive,non_responsive,non_responsive,non_responsive
1146089,non_responsive,non_responsive,non_responsive,non_responsive
1146406,non_responsive,non_responsive,non_responsive,non_responsive
1146622,non_responsive,non_responsive,non_responsive,non_responsive
1147195,non_responsive,non_responsive,non_responsive,non_responsive
1147304,non_responsive,non_responsive,non_responsive,non_responsive
1147872,non_responsive,non_responsive,non_responsive,non_responsive
1148052,non_responsive,non_responsive,non_responsive,non_responsive
1148166,non_responsive,non_responsive,non_responsive,non_responsive
1148189,non_responsive,non_responsive,non_responsive,non_responsive
1148421,non_responsive,non_responsive,non_responsive,non_responsive
1148477,non_responsive,non_responsive,non_responsive,non_responsive
1149127,non_responsive,non_responsive,non_responsive,non_responsive
1149201,non_responsive,non_responsive,non_responsive,non_responsive
1149728,non_responsive,non_responsive,non_responsive,non_responsive
1150041,non_responsive,non_responsive,non_responsive,non_responsive
1150199,non_responsive,non_responsive,non_responsive,non_responsive
1150793,non_responsive,non_responsive,non_responsive,non_responsive
1151131,non_responsive,non_responsive,non_responsive,non_responsive
1151354,non_responsive,non_responsive,non_responsive,non_responsive
1151622,non_responsive,non_responsive,non_responsive,non_responsive
1152845,non_responsive,non_responsive,non_responsive,non_responsive
1153176,non_responsive,non_responsive,non_responsive,non_responsive
1153678,non_responsive,non_responsive,non_responsive,non_responsive
1153816,non_responsive,non_responsive,non_responsive,non_responsive
1153954,non_responsive,non_responsive,non_responsive,non_responsive
1154641,non_responsive,non_responsive,non_responsive,non_responsive
1154982,non_responsive,non_responsive,non_responsive,non_responsive
1155086,non_responsive,non_responsive,non_responsive,non_responsive
1155248,non_responsive,non_responsive,non_responsive,non_responsive
1156296,non_responsive,non_responsive,non_responsive,non_responsive
1156845,non_responsive,non_responsive,non_responsive,non_responsive
1157124,non_responsive,non_responsive,non_responsive,non_responsive
1157769,non_responsive,non_responsive,non_responsive,non_responsive
1158022,non_responsive,non_responsive,non_responsive,non_responsive
1158219,non_responsive,non_responsive,non_responsive,non_responsive
1160222,non_responsive,non_responsive,non_responsive,non_responsive
1160427,non_responsive,non_responsive,non_responsive,non_responsive
1160727,non_responsive,non_responsive,non_responsive,non_responsive
1160855,non_responsive,non_responsive,non_responsive,non_responsive
1161991,non_responsive,non_responsive,non_responsive,non_responsive
1162235,non_responsive,non_responsive,non_responsive,non_responsive
1162236,non_responsive,non_responsive,non_responsive,non_responsive
1162237,non_responsive,non_responsive,non_responsive,non_responsive
1162238,non_responsive,non_responsive,non_responsive,non_responsive
1162239,non_responsive,non_responsive,non_responsive,non_responsive
1162240,non_responsive,non_responsive,non_responsive,non_responsive
1162242,non_responsive,non_responsive,non_responsive,non_responsive
1163011,non_responsive,non_responsive,non_responsive,non_responsive
1163012,non_responsive,non_responsive,non_responsive,non_responsive
1163013,non_responsive,non_responsive,non_responsive,non_responsive
1163287,non_responsive,non_responsive,responsive,non_responsive
1163288,non_responsive,non_responsive,non_responsive,non_responsive
1163470,non_responsive,non_responsive,non_responsive,non_responsive
1163471,non_responsive,non_responsive,non_responsive,non_responsive
1163472,non_responsive,non_responsive,non_responsive,non_responsive
1163868,non_responsive,non_responsive,non_responsive,non_responsive
1163869,non_responsive,non_responsive,non_responsive,non_responsive
1163870,non_responsive,non_responsive,non_responsive,non_responsive
1163871,non_responsive,non_responsive,non_responsive,non_responsive
1163872,non_responsive,non_responsive,non_responsive,non_responsive
1163873,non_responsive,non_responsive,non_responsive,non_responsive
1163874,non_responsive,non_responsive,non_responsive,non_responsive
1165280,non_responsive,non_responsive,non_responsive,non_responsive
1166547,non_responsive,non_responsive,non_responsive,non_responsive
1166548,non_responsive,non_responsive,non_responsive,non_responsive
1167172,non_responsive,non_responsive,non_responsive,non_responsive
1167173,non_responsive,non_responsive,non_responsive,non_responsive
1167174,non_responsive,non_responsive,non_responsive,non_responsive
1167465,non_responsive,non_responsive,non_responsive,non_responsive
1167538,non_responsive,non_responsive,non_responsive,non_responsive
1168487,non_responsive,non_responsive,non_responsive,non_responsive
1168488,non_responsive,non_responsive,non_responsive,non_responsive
1168489,non_responsive,non_responsive,non_responsive,non_responsive
1169016,non_responsive,non_responsive,non_responsive,non_responsive
1172857,non_responsive,non_responsive,non_responsive,non_responsive
1173098,non_responsive,non_responsive,non_responsive,non_responsive
1177002,non_responsive,non_responsive,non_responsive,non_responsive
1177029,non_responsive,non_responsive,non_responsive,non_responsive
1177286,non_responsive,non_responsive,non_responsive,non_responsive
1185022,non_responsive,non_responsive,non_responsive,non_responsive
1185023,non_responsive,non_responsive,non_responsive,non_responsive
1185028,non_responsive,non_responsive,non_responsive,non_responsive
1185030,non_responsive,non_responsive,non_responsive,non_responsive
1187087,non_responsive,non_responsive,non_responsive,non_responsive
1188052,non_responsive,non_responsive,non_responsive,non_responsive
1192221,non_responsive,non_responsive,non_responsive,non_responsive
1195500,non_responsive,non_responsive,non_responsive,non_responsive
1200834,non_responsive,non_responsive,non_responsive,non_responsive
1201798,non_responsive,non_responsive,non_responsive,non_responsive
1208239,non_responsive,non_responsive,non_responsive,non_responsive
1208672,non_responsive,non_responsive,non_responsive,non_responsive
1210375,non_responsive,non_responsive,non_responsive,non_responsive
1210376,non_responsive,non_responsive,non_responsive,non_responsive
1210377,non_responsive,non_responsive,non_responsive,non_responsive
1210378,non_responsive,non_responsive,non_responsive,non_responsive
1210379,non_responsive,non_responsive,non_responsive,non_responsive
1210929,non_responsive,non_responsive,non_responsive,non_responsive
1214782,non_responsive,non_responsive,non_responsive,non_responsive
1217630,non_responsive,non_responsive,non_responsive,non_responsive
1219821,non_responsive,non_responsive,non_responsive,non_responsive
1220063,non_responsive,non_responsive,non_responsive,non_responsive
1225372,non_responsive,non_responsive,non_responsive,non_responsive
1229576,non_responsive,non_responsive,non_responsive,non_responsive
1229864,non_responsive,non_responsive,non_responsive,non_responsive
1240493,non_responsive,non_responsive,non_responsive,non_responsive
1244250,non_responsive,non_responsive,responsive,non_responsive
1247456,non_responsive,non_responsive,non_responsive,non_responsive
1251170,non_responsive,non_responsive,non_responsive,non_responsive
1259714,non_responsive,non_responsive,non_responsive,non_responsive
1265050,non_responsive,non_responsive,non_responsive,non_responsive
1265184,non_responsive,non_responsive,non_responsive,non_responsive
1275739,non_responsive,non_responsive,non_responsive,non_responsive
1275743,non_responsive,non_responsive,non_responsive,non_responsive
1275750,non_responsive,non_responsive,non_responsive,non_responsive
1275751,non_responsive,non_responsive,non_responsive,non_responsive
1290585,non_responsive,non_responsive,non_responsive,non_responsive
1292575,non_responsive,non_responsive,non_responsive,non_responsive
1292704,non_responsive,non_responsive,non_responsive,non_responsive
1300163,non_responsive,non_responsive,non_responsive,non_responsive
1300164,responsive,responsive,responsive,non_responsive
1300165,non_responsive,non_responsive,non_responsive,non_responsive
1300166,non_responsive,non_responsive,non_responsive,non_responsive
1301326,non_responsive,non_responsive,responsive,non_responsive
1301327,non_responsive,non_responsive,non_responsive,non_responsive
1301328,non_responsive,non_responsive,non_responsive,non_responsive
1303084,non_responsive,non_responsive,non_responsive,non_responsive
1305160,non_responsive,non_responsive,responsive,non_responsive
1312599,non_responsive,non_responsive,non_responsive,non_responsive
1313092,non_responsive,non_responsive,non_responsive,non_responsive
1313140,non_responsive,non_responsive,non_responsive,non_responsive
1314072,non_responsive,non_responsive,non_responsive,non_responsive
1321364,non_responsive,non_responsive,responsive,non_responsive
1321373,non_responsive,non_responsive,non_responsive,non_responsive
1321434,non_responsive,non_responsive,non_responsive,non_responsive
1322070,non_responsive,non_responsive,non_responsive,non_responsive
1325700,non_responsive,non_responsive,non_responsive,non_responsive
1328993,non_responsive,non_responsive,non_responsive,non_responsive
1330002,non_responsive,non_responsive,non_responsive,non_responsive
1330010,non_responsive,non_responsive,non_responsive,non_responsive
1330025,non_responsive,non_responsive,non_responsive,non_responsive
1330039,non_responsive,non_responsive,non_responsive,non_responsive
1330059,non_responsive,non_responsive,non_responsive,non_responsive
1330091,non_responsive,non_responsive,non_responsive,non_responsive
1330130,non_responsive,non_responsive,non_responsive,non_responsive
1330378,non_responsive,non_responsive,non_responsive,non_responsive
1330401,non_responsive,non_responsive,non_responsive,non_responsive
1330412,non_responsive,non_responsive,non_responsive,non_responsive
1330548,non_responsive,non_responsive,non_responsive,non_responsive
1331072,non_responsive,non_responsive,non_responsive,non_responsive
1331465,non_responsive,non_responsive,non_responsive,non_responsive
1331480,non_responsive,non_responsive,non_responsive,non_responsive
1331702,non_responsive,non_responsive,non_responsive,non_responsive
1331706,non_responsive,non_responsive,non_responsive,non_responsive
1331707,non_responsive,non_responsive,non_responsive,non_responsive
1331708,non_responsive,non_responsive,non_responsive,non_responsive
1331722,non_responsive,non_responsive,non_responsive,non_responsive
1331723,non_responsive,non_responsive,responsive,non_responsive
1331724,non_responsive,non_responsive,non_responsive,non_responsive
1332860,non_responsive,non_responsive,non_responsive,non_responsive
1333303,non_responsive,non_responsive,non_responsive,non_responsive
1335690,non_responsive,non_responsive,non_responsive,non_responsive
1339679,non_responsive,non_responsive,non_responsive,non_responsive
1343488,non_responsive,non_responsive,non_responsive,non_responsive
1343489,non_responsive,non_responsive,non_responsive,non_responsive
1346082,non_responsive,non_responsive,non_responsive,non_responsive
1350266,non_responsive,non_responsive,non_responsive,non_responsive
1353073,non_responsive,non_responsive,non_responsive,non_responsive
1360939,non_responsive,non_responsive,non_responsive,non_responsive
1361726,non_responsive,non_responsive,non_responsive,non_responsive
1363525,non_responsive,non_responsive,non_responsive,non_responsive
1366360,non_responsive,non_responsive,non_responsive,non_responsive
1371238,non_responsive,non_responsive,non_responsive,non_responsive
1371478,non_responsive,non_responsive,non_responsive,non_responsive
1373833,non_responsive,non_responsive,non_responsive,non_responsive
1374672,non_responsive,non_responsive,non_responsive,non_responsive
1375494,non_responsive,non_responsive,non_responsive,non_responsive
1377000,non_responsive,non_responsive,non_responsive,non_responsive
1377098,non_responsive,non_responsive,non_responsive,non_responsive
1379486,non_responsive,non_responsive,non_responsive,non_responsive
1379956,non_responsive,non_responsive,non_responsive,non_responsive
1387407,non_responsive,non_responsive,non_responsive,non_responsive
1392039,non_responsive,non_responsive,non_responsive,non_responsive
1393358,non_responsive,non_responsive,non_responsive,non_responsive
1393517,non_responsive,non_responsive,non_responsive,non_responsive
1394138,non_responsive,non_responsive,non_responsive,non_responsive
1394377,non_responsive,non_responsive,non_responsive,non_responsive
1396341,non_responsive,non_responsive,non_responsive,non_responsive
1397581,non_responsive,non_responsive,non_responsive,non_responsive
1397691,non_responsive,non_responsive,non_responsive,non_responsive
1397987,non_responsive,non_responsive,non_responsive,non_responsive
1398500,non_responsive,non_responsive,non_responsive,non_responsive
1400413,non_responsive,non_responsive,non_responsive,non_responsive
1401284,non_responsive,non_responsive,non_responsive,non_responsive
1401895,non_responsive,non_responsive,responsive,non_responsive
1402018,non_responsive,non_responsive,non_responsive,non_responsive
1402955,non_responsive,non_responsive,responsive,non_responsive
1404365,non_responsive,non_responsive,non_responsive,non_responsive
1406009,non_responsive,non_responsive,non_responsive,non_responsive
1406988,non_responsive,non_responsive,non_responsive,non_responsive
1407355,non_responsive,non_responsive,non_responsive,non_responsive
1408121,non_responsive,non_responsive,non_responsive,non_responsive
1410754,non_responsive,non_responsive,non_responsive,non_responsive
1411468,non_responsive,non_responsive,non_responsive,non_responsive
1412635,non_responsive,non_responsive,non_responsive,non_responsive
1415058,non_responsive,non_responsive,non_responsive,non_responsive
1415267,non_responsive,non_responsive,non_responsive,non_responsive
1415535,non_responsive,non_responsive,non_responsive,non_responsive
1418433,non_responsive,non_responsive,non_responsive,non_responsive
1418949,non_responsive,non_responsive,non_responsive,non_responsive
1422547,non_responsive,non_responsive,non_responsive,non_responsive
1425559,non_responsive,non_responsive,non_responsive,non_responsive
1429044,non_responsive,non_responsive,non_responsive,non_responsive
1429090,non_responsive,non_responsive,non_responsive,non_responsive
1429215,non_responsive,non_responsive,non_responsive,non_responsive
1429368,non_responsive,non_responsive,non_responsive,non_responsive
1429889,non_responsive,non_responsive,non_responsive,non_responsive
1431652,non_responsive,non_responsive,non_responsive,non_responsive
1432315,non_responsive,non_responsive,non_responsive,non_responsive
1434498,non_responsive,non_responsive,non_responsive,non_responsive
1435170,non_responsive,non_responsive,non_responsive,non_responsive
1435276,non_responsive,non_responsive,non_responsive,non_responsive
1438022,non_responsive,non_responsive,non_responsive,non_responsive
1440786,non_responsive,non_responsive,non_responsive,non_responsive
1442187,non_responsive,non_responsive,non_responsive,non_responsive
1443618,non_responsive,non_responsive,non_responsive,non_responsive
1444475,non_responsive,non_responsive,non_responsive,non_responsive
1449135,non_responsive,non_responsive,non_responsive,non_responsive
1449696,non_responsive,non_responsive,non_responsive,non_responsive
1449897,non_responsive,non_responsive,non_responsive,non_responsive
1450404,non_responsive,non_responsive,non_responsive,non_responsive
1451980,non_responsive,non_responsive,non_responsive,non_responsive
1452289,non_responsive,non_responsive,non_responsive,non_responsive
1452452,non_responsive,non_responsive,non_responsive,non_responsive
1453238,non_responsive,non_responsive,non_responsive,non_responsive
1453519,non_responsive,non_responsive,non_responsive,non_responsive
1453724,non_responsive,non_responsive,non_responsive,non_responsive
1455351,non_responsive,non_responsive,non_responsive,non_responsive
1456282,non_responsive,non_responsive,non_responsive,non_responsive
1456427,non_responsive,non_responsive,non_responsive,non_responsive
1457083,non_responsive,non_responsive,non_responsive,non_responsive
1457828,non_responsive,non_responsive,non_responsive,non_responsive
1458639,non_responsive,non_responsive,non_responsive,non_responsive
1459556,non_responsive,non_responsive,non_responsive,non_responsive
1463452,non_responsive,non_responsive,non_responsive,non_responsive
1466388,non_responsive,non_responsive,non_responsive,non_responsive
1467947,non_responsive,non_responsive,non_responsive,non_responsive
1468980,non_responsive,non_responsive,non_responsive,non_responsive
1470640,non_responsive,non_responsive,non_responsive,non_responsive
1472302,non_responsive,non_responsive,non_responsive,non_responsive
1472698,non_responsive,non_responsive,non_responsive,non_responsive
1474955,responsive,responsive,responsive,non_responsive
1476298,non_responsive,non_responsive,non_responsive,non_responsive
1478631,non_responsive,non_responsive,responsive,non_responsive
1479079,non_responsive,non_responsive,non_responsive,non_responsive
1479202,non_responsive,non_responsive,non_responsive,non_responsive
1479948,non_responsive,non_responsive,non_responsive,non_responsive
1483976,non_responsive,non_responsive,non_responsive,non_responsive
1493230,non_responsive,non_responsive,non_responsive,non_responsive
1498873,non_responsive,non_responsive,non_responsive,non_responsive
1499432,non_responsive,non_responsive,non_responsive,non_responsive
1502978,non_responsive,non_responsive,non_responsive,non_responsive
1504796,non_responsive,non_responsive,non_responsive,non_responsive
1506259,non_responsive,non_responsive,non_responsive,non_responsive
1513112,non_responsive,non_responsive,non_responsive,non_responsive
1515640,non_responsive,non_responsive,non_responsive,non_responsive
1517636,non_responsive,non_responsive,non_responsive,non_responsive
1518294,non_responsive,non_responsive,non_responsive,non_responsive
1521233,non_responsive,non_responsive,non_responsive,non_responsive
1522932,non_responsive,non_responsive,non_responsive,non_responsive
1528461,non_responsive,non_responsive,non_responsive,non_responsive
1531105,non_responsive,non_responsive,non_responsive,non_responsive
1532245,non_responsive,non_responsive,non_responsive,non_responsive
1532541,non_responsive,non_responsive,non_responsive,non_responsive
1532710,non_responsive,non_responsive,non_responsive,non_responsive
1533014,non_responsive,non_responsive,non_responsive,non_responsive
1535076,non_responsive,non_responsive,non_responsive,non_responsive
1537108,non_responsive,non_responsive,non_responsive,non_responsive
1537177,non_responsive,non_responsive,non_responsive,non_responsive
1537276,non_responsive,non_responsive,non_responsive,non_responsive
1537390,non_responsive,non_responsive,non_responsive,non_responsive
1537658,non_responsive,non_responsive,non_responsive,non_responsive
1538097,non_responsive,non_responsive,non_responsive,non_responsive
1539209,non_responsive,non_responsive,non_responsive,non_responsive
1539314,non_responsive,non_responsive,non_responsive,non_responsive
1539498,non_responsive,non_responsive,non_responsive,non_responsive
1539686,non_responsive,non_responsive,non_responsive,non_responsive
1540058,non_responsive,non_responsive,non_responsive,non_responsive
1540345,non_responsive,non_responsive,non_responsive,non_responsive
1543204,non_responsive,non_responsive,non_responsive,non_responsive
1544200,non_responsive,non_responsive,non_responsive,non_responsive
1545166,non_responsive,non_responsive,non_responsive,non_responsive
1545722,non_responsive,non_responsive,non_responsive,non_responsive
1547856,non_responsive,non_responsive,non_responsive,non_responsive
1547909,non_responsive,non_responsive,non_responsive,non_responsive
1548507,non_responsive,non_responsive,non_responsive,non_responsive
1550549,non_responsive,non_responsive,non_responsive,non_responsive
1550682,non_responsive,non_responsive,non_responsive,non_responsive
1550867,non_responsive,non_responsive,non_responsive,non_responsive
1551051,non_responsive,non_responsive,non_responsive,non_responsive
1552692,non_responsive,non_responsive,non_responsive,non_responsive
1554194,non_responsive,non_responsive,non_responsive,non_responsive
1556897,non_responsive,non_responsive,non_responsive,non_responsive
1558058,non_responsive,non_responsive,non_responsive,non_responsive
1559498,non_responsive,non_responsive,non_responsive,non_responsive
1559542,non_responsive,non_responsive,non_responsive,non_responsive
1560447,non_responsive,non_responsive,non_responsive,non_responsive
1560888,non_responsive,non_responsive,non_responsive,non_responsive
1562218,non_responsive,non_responsive,non_responsive,non_responsive
1562733,non_responsive,non_responsive,non_responsive,non_responsive
1563155,non_responsive,non_responsive,non_responsive,non_responsive
1563475,non_responsive,non_responsive,non_responsive,non_responsive
1565462,non_responsive,non_responsive,non_responsive,non_responsive
1565646,non_responsive,non_responsive,non_responsive,non_responsive
1566712,non_responsive,non_responsive,non_responsive,non_responsive
1567133,non_responsive,non_responsive,non_responsive,non_responsive
1570681,non_responsive,non_responsive,non_responsive,non_responsive
1570868,non_responsive,non_responsive,non_responsive,non_responsive
1571384,non_responsive,non_responsive,non_responsive,non_responsive
1572521,non_responsive,non_responsive,non_responsive,non_responsive
1573850,non_responsive,non_responsive,non_responsive,non_responsive
1574054,non_responsive,non_responsive,non_responsive,non_responsive
1574105,non_responsive,non_responsive,non_responsive,non_responsive
1574127,non_responsive,non_responsive,non_responsive,non_responsive
1575182,non_responsive,non_responsive,non_responsive,non_responsive
1575453,non_responsive,non_responsive,non_responsive,non_responsive
1575601,non_responsive,non_responsive,non_responsive,non_responsive
1576019,non_responsive,non_responsive,non_responsive,non_responsive
1577196,non_responsive,non_responsive,non_responsive,non_responsive
1577731,non_responsive,non_responsive,non_responsive,non_responsive
1578395,non_responsive,non_responsive,non_responsive,non_responsive
1578882,non_responsive,non_responsive,non_responsive,non_responsive
1580024,non_responsive,non_responsive,non_responsive,non_responsive
1581090,non_responsive,non_responsive,non_responsive,non_responsive
1583177,non_responsive,non_responsive,non_responsive,non_responsive
1585516,non_responsive,non_responsive,non_responsive,non_responsive
1586143,non_responsive,non_responsive,non_responsive,non_responsive
1586731,non_responsive,non_responsive,non_responsive,non_responsive
1586989,non_responsive,non_responsive,non_responsive,non_responsive
1588305,non_responsive,non_responsive,non_responsive,non_responsive
1589449,non_responsive,non_responsive,non_responsive,non_responsive
1589463,non_responsive,non_responsive,non_responsive,non_responsive
1590225,non_responsive,non_responsive,non_responsive,non_responsive
1590605,non_responsive,non_responsive,non_responsive,non_responsive
1591374,non_responsive,non_responsive,non_responsive,non_responsive
1591384,non_responsive,non_responsive,non_responsive,non_responsive
1591701,non_responsive,non_responsive,non_responsive,non_responsive
1592705,non_responsive,non_responsive,non_responsive,non_responsive
1592757,non_responsive,non_responsive,non_responsive,non_responsive
1594001,non_responsive,non_responsive,non_responsive,non_responsive
1594015,non_responsive,non_responsive,non_responsive,non_responsive
1594327,non_responsive,non_responsive,non_responsive,non_responsive
1594775,non_responsive,non_responsive,non_responsive,non_responsive
1595169,non_responsive,non_responsive,non_responsive,non_responsive
1596495,non_responsive,non_responsive,non_responsive,non_responsive
1597612,non_responsive,non_responsive,non_responsive,non_responsive
1600964,non_responsive,non_responsive,non_responsive,non_responsive
1602055,non_responsive,non_responsive,non_responsive,non_responsive
1602748,non_responsive,non_responsive,non_responsive,non_responsive
1604909,non_responsive,non_responsive,non_responsive,non_responsive
1605963,non_responsive,non_responsive,non_responsive,non_responsive
1606400,non_responsive,non_responsive,non_responsive,non_responsive
1606730,non_responsive,non_responsive,non_responsive,non_responsive
1606833,non_responsive,non_responsive,non_responsive,non_responsive
1610517,non_responsive,non_responsive,non_responsive,non_responsive
1611170,non_responsive,non_responsive,non_responsive,non_responsive
1611724,non_responsive,non_responsive,non_responsive,non_responsive
1613209,non_responsive,non_responsive,non_responsive,non_responsive
1614297,non_responsive,non_responsive,non_responsive,non_responsive
1614893,non_responsive,non_responsive,non_responsive,non_responsive
1615395,non_responsive,non_responsive,non_responsive,non_responsive
1615568,non_responsive,non_responsive,non_responsive,non_responsive
1616742,non_responsive,non_responsive,non_responsive,non_responsive
1617764,non_responsive,non_responsive,non_responsive,non_responsive
1618260,non_responsive,non_responsive,non_responsive,non_responsive
1618876,non_responsive,non_responsive,non_responsive,non_responsive
1619187,non_responsive,non_responsive,non_responsive,non_responsive
1619710,non_responsive,non_responsive,non_responsive,non_responsive
1620633,non_responsive,non_responsive,non_responsive,non_responsive
1621773,non_responsive,non_responsive,non_responsive,non_responsive
1621777,non_responsive,non_responsive,non_responsive,non_responsive
1622457,non_responsive,non_responsive,non_responsive,non_responsive
1626251,non_responsive,non_responsive,non_responsive,non_responsive
1626334,non_responsive,non_responsive,non_responsive,non_responsive
1626743,non_responsive,non_responsive,non_responsive,non_responsive
1627420,non_responsive,non_responsive,non_responsive,non_responsive
1628415,non_responsive,non_responsive,non_responsive,non_responsive
1628860,non_responsive,non_responsive,non_responsive,non_responsive
1629010,non_responsive,non_responsive,non_responsive,non_responsive
1629492,non_responsive,non_responsive,non_responsive,non_responsive
1631220,non_responsive,non_responsive,non_responsive,non_responsive
1632298,non_responsive,non_responsive,non_responsive,non_responsive
1632702,non_responsive,non_responsive,non_responsive,non_responsive
1634532,non_responsive,non_responsive,non_responsive,non_responsive
1634832,non_responsive,non_responsive,non_responsive,non_responsive
1635898,non_responsive,non_responsive,non_responsive,non_responsive
1636771,non_responsive,non_responsive,non_responsive,non_responsive
1637858,non_responsive,non_responsive,non_responsive,non_responsive
1638749,non_responsive,non_responsive,non_responsive,non_responsive
1639692,non_responsive,non_responsive,non_responsive,non_responsive
1640056,non_responsive,non_responsive,non_responsive,non_responsive
1640149,non_responsive,non_responsive,non_responsive,non_responsive
1640157,non_responsive,non_responsive,non_responsive,non_responsive
1641177,non_responsive,non_responsive,non_responsive,non_responsive
1641793,non_responsive,non_responsive,non_responsive,non_responsive
1643601,non_responsive,non_responsive,non_responsive,non_responsive
1643682,non_responsive,non_responsive,non_responsive,non_responsive
1646190,non_responsive,non_responsive,non_responsive,non_responsive
1647575,non_responsive,non_responsive,non_responsive,non_responsive
1647628,non_responsive,non_responsive,non_responsive,non_responsive
1648473,non_responsive,non_responsive,non_responsive,non_responsive
1650184,non_responsive,non_responsive,non_responsive,non_responsive
1650289,non_responsive,non_responsive,non_responsive,non_responsive
1650472,non_responsive,non_responsive,non_responsive,non_responsive
1651021,non_responsive,non_responsive,non_responsive,non_responsive
1651775,non_responsive,non_responsive,non_responsive,non_responsive
1654143,non_responsive,non_responsive,non_responsive,non_responsive
1654820,non_responsive,non_responsive,non_responsive,non_responsive
1654973,non_responsive,non_responsive,non_responsive,non_responsive
1656289,non_responsive,non_responsive,non_responsive,non_responsive
1656758,non_responsive,non_responsive,non_responsive,non_responsive
1658213,non_responsive,non_responsive,non_responsive,non_responsive
1659786,non_responsive,non_responsive,non_responsive,non_responsive
1661623,non_responsive,non_responsive,non_responsive,non_responsive
1663517,non_responsive,non_responsive,non_responsive,non_responsive
1664303,non_responsive,non_responsive,non_responsive,non_responsive
1664334,non_responsive,non_responsive,non_responsive,non_responsive
1664381,non_responsive,non_responsive,non_responsive,non_responsive
1666089,non_responsive,non_responsive,non_responsive,non_responsive
1667528,non_responsive,non_responsive,non_responsive,non_responsive
1668787,non_responsive,non_responsive,non_responsive,non_responsive
1670457,non_responsive,non_responsive,non_responsive,non_responsive
1673484,non_responsive,non_responsive,non_responsive,non_responsive
1674115,non_responsive,non_responsive,non_responsive,non_responsive
1674453,non_responsive,non_responsive,non_responsive,non_responsive
1674493,non_responsive,non_responsive,non_responsive,non_responsive
1674670,non_responsive,non_responsive,non_responsive,non_responsive
1676081,non_responsive,non_responsive,non_responsive,non_responsive
1677007,non_responsive,non_responsive,non_responsive,non_responsive
1677016,non_responsive,non_responsive,non_responsive,non_responsive
1677110,non_responsive,non_responsive,non_responsive,non_responsive
1677121,non_responsive,non_responsive,non_responsive,non_responsive
1677192,non_responsive,non_responsive,non_responsive,non_responsive
1678103,non_responsive,non_responsive,non_responsive,non_responsive
1679959,non_responsive,non_responsive,non_responsive,non_responsive
1683253,non_responsive,non_responsive,non_responsive,non_responsive
1683254,non_responsive,non_responsive,non_responsive,non_responsive
1683255,non_responsive,non_responsive,non_responsive,non_responsive
1685263,non_responsive,non_responsive,non_responsive,non_responsive
1685264,non_responsive,non_responsive,non_responsive,non_responsive
1685614,responsive,responsive,responsive,non_responsive
1685616,non_responsive,non_responsive,non_responsive,non_responsive
1685617,non_responsive,non_responsive,non_responsive,non_responsive
1685618,non_responsive,non_responsive,non_responsive,non_responsive
1685619,non_responsive,non_responsive,non_responsive,non_responsive
1685620,non_responsive,non_responsive,non_responsive,non_responsive
1685621,non_responsive,non_responsive,non_responsive,non_responsive
1685622,non_responsive,non_responsive,non_responsive,non_responsive
1685623,non_responsive,non_responsive,non_responsive,non_responsive
1686560,non_responsive,non_responsive,non_responsive,non_responsive
1691298,non_responsive,non_responsive,non_responsive,non_responsive
1692451,non_responsive,non_responsive,non_responsive,non_responsive
1692452,non_responsive,non_responsive,non_responsive,non_responsive
1693958,non_responsive,non_responsive,non_responsive,non_responsive
1693959,non_responsive,non_responsive,non_responsive,non_responsive
1693960,non_responsive,non_responsive,non_responsive,non_responsive
1693961,non_responsive,non_responsive,non_responsive,non_responsive
1693962,non_responsive,non_responsive,non_responsive,non_responsive
1693963,non_responsive,non_responsive,non_responsive,non_responsive
1696142,non_responsive,non_responsive,non_responsive,non_responsive
1696143,non_responsive,non_responsive,non_responsive,non_responsive
1696144,non_responsive,non_responsive,non_responsive,non_responsive
1697071,non_responsive,non_responsive,non_responsive,non_responsive
1698563,non_responsive,non_responsive,non_responsive,non_responsive
1699602,non_responsive,non_responsive,non_responsive,non_responsive
1704256,non_responsive,non_responsive,non_responsive,non_responsive
1704257,non_responsive,non_responsive,non_responsive,non_responsive
1704258,non_responsive,non_responsive,non_responsive,non_responsive
1704259,non_responsive,non_responsive,non_responsive,non_responsive
1704355,non_responsive,non_responsive,non_responsive,non_responsive
1704356,non_responsive,non_responsive,non_responsive,non_responsive
1704357,non_responsive,non_responsive,non_responsive,non_responsive
1704358,non_responsive,non_responsive,non_responsive,non_responsive
1704370,non_responsive,non_responsive,non_responsive,non_responsive
1704381,non_responsive,non_responsive,non_responsive,non_responsive
1704382,non_responsive,non_responsive,non_responsive,non_responsive
1704389,non_responsive,non_responsive,non_responsive,non_responsive
1704390,non_responsive,non_responsive,non_responsive,non_responsive
1704400,non_responsive,non_responsive,non_responsive,non_responsive
1704401,non_responsive,non_responsive,non_responsive,non_responsive
1704402,non_responsive,non_responsive,non_responsive,non_responsive
1704403,non_responsive,non_responsive,non_responsive,non_responsive
1704404,non_responsive,non_responsive,non_responsive,non_responsive
1704405,non_responsive,non_responsive,non_responsive,non_responsive
1704406,non_responsive,non_responsive,non_responsive,non_responsive
1704407,non_responsive,non_responsive,non_responsive,non_responsive
1704415,non_responsive,non_responsive,non_responsive,non_responsive
1704416,non_responsive,non_responsive,non_responsive,non_responsive
1704501,non_responsive,non_responsive,responsive,non_responsive
1704502,non_responsive,non_responsive,non_responsive,non_responsive
1705126,non_responsive,non_responsive,non_responsive,non_responsive
1705210,non_responsive,non_responsive,non_responsive,non_responsive
1705226,non_responsive,non_responsive,non_responsive,non_responsive
1705265,non_responsive,non_responsive,non_responsive,non_responsive
1705266,non_responsive,non_responsive,non_responsive,non_responsive
1705865,non_responsive,non_responsive,non_responsive,non_responsive
1705866,non_responsive,non_responsive,non_responsive,non_responsive
1705867,non_responsive,non_responsive,non_responsive,non_responsive
1705868,non_responsive,non_responsive,non_responsive,non_responsive
1705869,non_responsive,non_responsive,non_responsive,non_responsive
1705870,non_responsive,non_responsive,non_responsive,non_responsive
1705871,non_responsive,non_responsive,non_responsive,non_responsive
1705873,non_responsive,non_responsive,non_responsive,non_responsive
1705874,non_responsive,non_responsive,non_responsive,non_responsive
1705875,non_responsive,non_responsive,non_responsive,non_responsive
1705876,non_responsive,non_responsive,non_responsive,non_responsive
1705877,non_responsive,non_responsive,non_responsive,non_responsive
1705878,non_responsive,non_responsive,non_responsive,non_responsive
1705986,non_responsive,non_responsive,non_responsive,non_responsive
1705987,non_responsive,non_responsive,non_responsive,non_responsive
1705988,non_responsive,non_responsive,responsive,non_responsive
1705989,non_responsive,non_responsive,non_responsive,non_responsive
1705990,non_responsive,non_responsive,non_responsive,non_responsive
1705991,non_responsive,non_responsive,responsive,non_responsive
1705992,non_responsive,non_responsive,non_responsive,non_responsive
1705993,non_responsive,non_responsive,non_responsive,non_responsive
1705994,non_responsive,non_responsive,non_responsive,non_responsive
1705995,non_responsive,non_responsive,non_responsive,non_responsive
1705996,non_responsive,non_responsive,non_responsive,non_responsive
1705998,non_responsive,non_responsive,non_responsive,non_responsive
1705999,non_responsive,non_responsive,non_responsive,non_responsive
1706000,non_responsive,non_responsive,non_responsive,non_responsive
1706001,non_responsive,non_responsive,non_responsive,non_responsive
1706002,non_responsive,non_responsive,non_responsive,non_responsive
1706003,non_responsive,non_responsive,non_responsive,non_responsive
1706004,non_responsive,non_responsive,non_responsive,non_responsive
1706005,non_responsive,non_responsive,non_responsive,non_responsive
1706006,non_responsive,non_responsive,non_responsive,non_responsive
1706007,non_responsive,non_responsive,non_responsive,non_responsive
1706008,non_responsive,non_responsive,non_responsive,non_responsive
1706009,non_responsive,non_responsive,non_responsive,non_responsive
1706010,non_responsive,non_responsive,non_responsive,non_responsive
1706011,non_responsive,non_responsive,non_responsive,non_responsive
1706012,non_responsive,non_responsive,non_responsive,non_responsive
1706013,non_responsive,non_responsive,non_responsive,non_responsive
1706014,non_responsive,non_responsive,non_responsive,non_responsive
1706015,non_responsive,non_responsive,non_responsive,non_responsive
1706016,non_responsive,non_responsive,non_responsive,non_responsive
1706017,non_responsive,non_responsive,non_responsive,non_responsive
1706018,non_responsive,non_responsive,non_responsive,non_responsive
1706019,non_responsive,non_responsive,non_responsive,non_responsive
1706020,non_responsive,non_responsive,non_responsive,non_responsive
1706021,non_responsive,non_responsive,non_responsive,non_responsive
1706022,non_responsive,non_responsive,non_responsive,non_responsive
1706023,non_responsive,non_responsive,non_responsive,non_responsive
1706028,non_responsive,non_responsive,non_responsive,non_responsive
1706038,non_responsive,non_responsive,non_responsive,non_responsive
1706040,non_responsive,responsive,responsive,non_responsive
1706042,non_responsive,non_responsive,non_responsive,non_responsive
1706045,non_responsive,non_responsive,responsive,non_responsive
1706046,non_responsive,non_responsive,non_responsive,non_responsive
1706047,non_responsive,non_responsive,non_responsive,non_responsive
1706048,non_responsive,non_responsive,non_responsive,non_responsive
1706049,non_responsive,non_responsive,non_responsive,non_responsive
1706050,non_responsive,non_responsive,non_responsive,non_responsive
1706051,non_responsive,non_responsive,non_responsive,non_responsive
1706052,non_responsive,non_responsive,non_responsive,non_responsive
1706053,non_responsive,non_responsive,non_responsive,non_responsive
1706054,non_responsive,non_responsive,non_responsive,non_responsive
1706055,non_responsive,non_responsive,non_responsive,non_responsive
1706056,non_responsive,non_responsive,non_responsive,non_responsive
1706057,non_responsive,non_responsive,non_responsive,non_responsive
1706058,non_responsive,non_responsive,responsive,non_responsive
1706059,non_responsive,non_responsive,non_responsive,non_responsive
1706061,non_responsive,non_responsive,non_responsive,non_responsive
1706062,non_responsive,non_responsive,non_responsive,non_responsive
1706063,non_responsive,non_responsive,non_responsive,non_responsive
1706064,non_responsive,non_responsive,non_responsive,non_responsive
1706065,non_responsive,non_responsive,non_responsive,non_responsive
1706067,non_responsive,non_responsive,non_responsive,non_responsive
1706068,non_responsive,non_responsive,non_responsive,non_responsive
1706069,non_responsive,non_responsive,non_responsive,non_responsive
1706070,non_responsive,non_responsive,non_responsive,non_responsive
1706071,non_responsive,non_responsive,non_responsive,non_responsive
1706072,non_responsive,non_responsive,non_responsive,non_responsive
1706073,non_responsive,non_responsive,non_responsive,non_responsive
1706074,non_responsive,non_responsive,responsive,non_responsive
1706075,non_responsive,non_responsive,responsive,non_responsive
1706077,non_responsive,non_responsive,non_responsive,non_responsive
1708426,non_responsive,non_responsive,non_responsive,non_responsive
1709585,non_responsive,non_responsive,responsive,non_responsive
1709997,non_responsive,non_responsive,non_responsive,non_responsive
1716414,non_responsive,non_responsive,non_responsive,non_responsive
1716614,non_responsive,non_responsive,non_responsive,non_responsive
1716993,non_responsive,non_responsive,non_responsive,non_responsive
1717523,non_responsive,non_responsive,non_responsive,non_responsive
1717676,non_responsive,non_responsive,non_responsive,non_responsive
1722354,non_responsive,non_responsive,non_responsive,non_responsive
1722355,non_responsive,non_responsive,non_responsive,non_responsive
1723264,non_responsive,non_responsive,non_responsive,non_responsive
1723342,non_responsive,non_responsive,non_responsive,non_responsive
1723356,non_responsive,non_responsive,non_responsive,non_responsive
1723361,non_responsive,non_responsive,non_responsive,non_responsive
1723906,non_responsive,non_responsive,non_responsive,non_responsive
1724047,non_responsive,non_responsive,non_responsive,non_responsive
1724124,non_responsive,non_responsive,non_responsive,non_responsive
1724310,non_responsive,non_responsive,non_responsive,non_responsive
1724369,non_responsive,non_responsive,non_responsive,non_responsive
1724371,non_responsive,non_responsive,non_responsive,non_responsive
1724391,non_responsive,non_responsive,non_responsive,non_responsive
1724398,non_responsive,non_responsive,non_responsive,non_responsive
1724404,non_responsive,non_responsive,non_responsive,non_responsive
1724432,non_responsive,non_responsive,non_responsive,non_responsive
1724451,non_responsive,non_responsive,non_responsive,non_responsive
1724744,non_responsive,non_responsive,non_responsive,non_responsive
1724812,non_responsive,non_responsive,non_responsive,non_responsive
1725150,non_responsive,non_responsive,non_responsive,non_responsive
1725208,non_responsive,non_responsive,non_responsive,non_responsive
1725242,non_responsive,non_responsive,non_responsive,non_responsive
1725255,non_responsive,non_responsive,non_responsive,non_responsive
1725285,non_responsive,non_responsive,non_responsive,non_responsive
1725366,non_responsive,non_responsive,non_responsive,non_responsive
1725476,non_responsive,non_responsive,non_responsive,non_responsive
1725568,non_responsive,non_responsive,non_responsive,non_responsive
1725579,non_responsive,non_responsive,non_responsive,non_responsive
1725679,non_responsive,non_responsive,non_responsive,non_responsive
1725741,non_responsive,non_responsive,non_responsive,non_responsive
1725798,non_responsive,non_responsive,non_responsive,non_responsive
1725875,non_responsive,non_responsive,non_responsive,non_responsive
1725929,non_responsive,non_responsive,non_responsive,non_responsive
1725985,non_responsive,non_responsive,non_responsive,non_responsive
1726109,non_responsive,non_responsive,non_responsive,non_responsive
1726133,non_responsive,non_responsive,non_responsive,non_responsive
1726206,non_responsive,non_responsive,non_responsive,non_responsive
1726308,non_responsive,non_responsive,non_responsive,non_responsive
1726616,non_responsive,non_responsive,non_responsive,non_responsive
1726769,non_responsive,non_responsive,non_responsive,non_responsive
1726781,non_responsive,non_responsive,non_responsive,non_responsive
1726826,non_responsive,non_responsive,non_responsive,non_responsive
1726890,non_responsive,non_responsive,non_responsive,non_responsive
1726896,non_responsive,non_responsive,non_responsive,non_responsive
1727264,non_responsive,non_responsive,non_responsive,non_responsive
1727284,non_responsive,non_responsive,non_responsive,non_responsive
1727457,non_responsive,non_responsive,non_responsive,non_responsive
1727475,non_responsive,non_responsive,non_responsive,non_responsive
1727481,non_responsive,non_responsive,non_responsive,non_responsive
1727483,non_responsive,non_responsive,non_responsive,non_responsive
1727537,non_responsive,non_responsive,non_responsive,non_responsive
1727552,non_responsive,non_responsive,non_responsive,non_responsive
1727808,non_responsive,non_responsive,non_responsive,non_responsive
1727850,non_responsive,non_responsive,non_responsive,non_responsive
1728042,non_responsive,non_responsive,non_responsive,non_responsive
1728049,non_responsive,non_responsive,non_responsive,non_responsive
1728142,non_responsive,non_responsive,non_responsive,non_responsive
1728143,non_responsive,non_responsive,non_responsive,non_responsive
1728236,non_responsive,non_responsive,non_responsive,non_responsive
1728571,non_responsive,non_responsive,non_responsive,non_responsive
1728586,non_responsive,non_responsive,non_responsive,non_responsive
1728682,non_responsive,non_responsive,non_responsive,non_responsive
1728981,non_responsive,non_responsive,non_responsive,non_responsive
1729071,non_responsive,non_responsive,non_responsive,non_responsive
1729121,non_responsive,non_responsive,non_responsive,non_responsive
1729236,non_responsive,non_responsive,non_responsive,non_responsive
1729353,non_responsive,non_responsive,non_responsive,non_responsive
1729377,non_responsive,non_responsive,non_responsive,non_responsive
1729579,non_responsive,non_responsive,non_responsive,non_responsive
1729644,non_responsive,non_responsive,non_responsive,non_responsive
1729739,non_responsive,non_responsive,non_responsive,non_responsive
1729921,non_responsive,non_responsive,non_responsive,non_responsive
1729957,non_responsive,non_responsive,non_responsive,non_responsive
1730061,non_responsive,non_responsive,non_responsive,non_responsive
1730217,non_responsive,non_responsive,non_responsive,non_responsive
1730485,non_responsive,non_responsive,non_responsive,non_responsive
1730540,non_responsive,non_responsive,non_responsive,non_responsive
1730672,non_responsive,non_responsive,non_responsive,non_responsive
1730673,non_responsive,non_responsive,non_responsive,non_responsive
1730743,non_responsive,non_responsive,non_responsive,non_responsive
1730745,non_responsive,non_responsive,non_responsive,non_responsive
1730761,non_responsive,non_responsive,non_responsive,non_responsive
1731074,non_responsive,non_responsive,non_responsive,non_responsive
1731113,non_responsive,non_responsive,non_responsive,non_responsive
1731130,non_responsive,non_responsive,non_responsive,non_responsive
1731176,non_responsive,non_responsive,non_responsive,non_responsive
1731292,non_responsive,non_responsive,non_responsive,non_responsive
1731325,non_responsive,non_responsive,non_responsive,non_responsive
1731362,non_responsive,non_responsive,non_responsive,non_responsive
1731404,non_responsive,non_responsive,non_responsive,non_responsive
1731420,non_responsive,non_responsive,non_responsive,non_responsive
1731669,non_responsive,non_responsive,non_responsive,non_responsive
1731705,non_responsive,non_responsive,non_responsive,non_responsive
1731885,non_responsive,non_responsive,non_responsive,non_responsive
1732049,non_responsive,non_responsive,non_responsive,non_responsive
1732180,non_responsive,non_responsive,non_responsive,non_responsive
1732224,non_responsive,non_responsive,non_responsive,non_responsive
1732294,non_responsive,non_responsive,non_responsive,non_responsive
1732310,non_responsive,non_responsive,non_responsive,non_responsive
1732372,non_responsive,non_responsive,non_responsive,non_responsive
1732379,non_responsive,non_responsive,non_responsive,non_responsive
1732426,non_responsive,non_responsive,non_responsive,non_responsive
1732513,non_responsive,non_responsive,non_responsive,non_responsive
1732583,non_responsive,non_responsive,non_responsive,non_responsive
1732614,non_responsive,non_responsive,non_responsive,non_responsive
1732661,non_responsive,non_responsive,non_responsive,non_responsive
1732663,non_responsive,non_responsive,non_responsive,non_responsive
1732783,non_responsive,non_responsive,non_responsive,non_responsive
1732787,non_responsive,non_responsive,non_responsive,non_responsive
1732939,non_responsive,non_responsive,non_responsive,non_responsive
1732954,non_responsive,non_responsive,non_responsive,non_responsive
1733146,non_responsive,non_responsive,non_responsive,non_responsive
1733180,non_responsive,non_responsive,non_responsive,non_responsive
1733215,non_responsive,non_responsive,non_responsive,non_responsive
1733220,non_responsive,non_responsive,non_responsive,non_responsive
1733234,non_responsive,non_responsive,non_responsive,non_responsive
1733261,non_responsive,non_responsive,non_responsive,non_responsive
1733269,non_responsive,non_responsive,non_responsive,non_responsive
1733282,non_responsive,non_responsive,non_responsive,non_responsive
1733332,non_responsive,non_responsive,non_responsive,non_responsive
1733348,non_responsive,non_responsive,non_responsive,non_responsive
1733453,non_responsive,non_responsive,non_responsive,non_responsive
1733456,non_responsive,non_responsive,non_responsive,non_responsive
1733651,non_responsive,non_responsive,non_responsive,non_responsive
1733730,non_responsive,non_responsive,non_responsive,non_responsive
1733935,non_responsive,non_responsive,non_responsive,non_responsive
1733968,non_responsive,non_responsive,non_responsive,non_responsive
1734014,non_responsive,non_responsive,responsive,non_responsive
1734201,non_responsive,non_responsive,non_responsive,non_responsive
1734246,non_responsive,non_responsive,non_responsive,non_responsive
1734250,non_responsive,non_responsive,non_responsive,non_responsive
1734251,non_responsive,non_responsive,non_responsive,non_responsive
1734257,non_responsive,non_responsive,non_responsive,non_responsive
1734278,non_responsive,non_responsive,non_responsive,non_responsive
1734301,non_responsive,non_responsive,non_responsive,non_responsive
1734308,non_responsive,non_responsive,non_responsive,non_responsive
1734348,non_responsive,non_responsive,non_responsive,non_responsive
1734446,non_responsive,non_responsive,non_responsive,non_responsive
1734477,non_responsive,non_responsive,non_responsive,non_responsive
1734478,non_responsive,non_responsive,non_responsive,non_responsive
1734630,non_responsive,non_responsive,non_responsive,non_responsive
1734822,non_responsive,non_responsive,non_responsive,non_responsive
1734862,non_responsive,non_responsive,non_responsive,non_responsive
1734899,non_responsive,non_responsive,non_responsive,non_responsive
1734929,non_responsive,non_responsive,non_responsive,non_responsive
1734976,non_responsive,non_responsive,non_responsive,non_responsive
1734991,non_responsive,non_responsive,non_responsive,non_responsive
1735067,non_responsive,non_responsive,non_responsive,non_responsive
1735164,non_responsive,non_responsive,non_responsive,non_responsive
1735197,non_responsive,non_responsive,non_responsive,non_responsive
1735219,non_responsive,non_responsive,non_responsive,non_responsive
1735314,non_responsive,non_responsive,non_responsive,non_responsive
1735323,non_responsive,non_responsive,non_responsive,non_responsive
1735660,non_responsive,non_responsive,non_responsive,non_responsive
1735692,non_responsive,non_responsive,non_responsive,non_responsive
1735725,non_responsive,non_responsive,non_responsive,non_responsive
1735808,non_responsive,non_responsive,non_responsive,non_responsive
1735852,non_responsive,non_responsive,non_responsive,non_responsive
1735882,non_responsive,non_responsive,non_responsive,non_responsive
1736079,non_responsive,non_responsive,non_responsive,non_responsive
1736119,non_responsive,non_responsive,non_responsive,non_responsive
1736151,non_responsive,non_responsive,non_responsive,non_responsive
1736192,non_responsive,non_responsive,non_responsive,non_responsive
1736460,non_responsive,non_responsive,non_responsive,non_responsive
1736481,non_responsive,non_responsive,non_responsive,non_responsive
1736483,non_responsive,non_responsive,non_responsive,non_responsive
1736532,non_responsive,non_responsive,non_responsive,non_responsive
1736534,non_responsive,non_responsive,non_responsive,non_responsive
1736537,non_responsive,non_responsive,non_responsive,non_responsive
1736540,non_responsive,non_responsive,non_responsive,non_responsive
1736541,non_responsive,non_responsive,non_responsive,non_responsive
1736547,non_responsive,non_responsive,non_responsive,non_responsive
1736625,non_responsive,non_responsive,non_responsive,non_responsive
1736667,non_responsive,non_responsive,non_responsive,non_responsive
1736703,non_responsive,non_responsive,non_responsive,non_responsive
1736764,non_responsive,non_responsive,non_responsive,non_responsive
1736864,non_responsive,non_responsive,non_responsive,non_responsive
1736923,non_responsive,non_responsive,non_responsive,non_responsive
1736974,non_responsive,non_responsive,non_responsive,non_responsive
1736988,non_responsive,non_responsive,non_responsive,non_responsive
1736991,non_responsive,non_responsive,non_responsive,non_responsive
1737024,non_responsive,non_responsive,non_responsive,non_responsive
1737081,non_responsive,non_responsive,non_responsive,non_responsive
1737141,non_responsive,non_responsive,non_responsive,non_responsive
1737150,non_responsive,non_responsive,non_responsive,non_responsive
1737231,non_responsive,non_responsive,non_responsive,non_responsive
1737237,non_responsive,non_responsive,non_responsive,non_responsive
1737252,non_responsive,non_responsive,non_responsive,non_responsive
1737285,non_responsive,non_responsive,non_responsive,non_responsive
1737295,non_responsive,non_responsive,non_responsive,non_responsive
1737325,non_responsive,non_responsive,non_responsive,non_responsive
1737392,non_responsive,non_responsive,non_responsive,non_responsive
1737425,non_responsive,non_responsive,non_responsive,non_responsive
1737441,non_responsive,non_responsive,non_responsive,non_responsive
1737492,non_responsive,non_responsive,non_responsive,non_responsive
1737509,non_responsive,non_responsive,non_responsive,non_responsive
1737584,non_responsive,non_responsive,non_responsive,non_responsive
1737675,non_responsive,non_responsive,non_responsive,non_responsive
1737726,non_responsive,non_responsive,non_responsive,non_responsive
1737785,non_responsive,non_responsive,non_responsive,non_responsive
1737927,non_responsive,non_responsive,non_responsive,non_responsive
1737946,non_responsive,non_responsive,responsive,non_responsive
1737990,non_responsive,non_responsive,non_responsive,non_responsive
1737999,non_responsive,non_responsive,non_responsive,non_responsive
1738191,non_responsive,non_responsive,non_responsive,non_responsive
1738277,non_responsive,non_responsive,non_responsive,non_responsive
1738330,non_responsive,non_responsive,non_responsive,non_responsive
1738348,non_responsive,non_responsive,non_responsive,non_responsive
1738360,non_responsive,non_responsive,non_responsive,non_responsive
1738431,non_responsive,non_responsive,non_responsive,non_responsive
1738519,non_responsive,non_responsive,non_responsive,non_responsive
1738699,non_responsive,non_responsive,non_responsive,non_responsive
1738778,non_responsive,non_responsive,non_responsive,non_responsive
1738790,non_responsive,non_responsive,non_responsive,non_responsive
1738796,non_responsive,non_responsive,non_responsive,non_responsive
1738844,non_responsive,non_responsive,non_responsive,non_responsive
1738956,non_responsive,non_responsive,non_responsive,non_responsive
1739016,non_responsive,non_responsive,non_responsive,non_responsive
1739177,non_responsive,non_responsive,non_responsive,non_responsive
1739193,non_responsive,non_responsive,non_responsive,non_responsive
1739207,non_responsive,non_responsive,non_responsive,non_responsive
1739215,non_responsive,non_responsive,non_responsive,non_responsive
1739370,non_responsive,non_responsive,non_responsive,non_responsive
1739408,non_responsive,non_responsive,non_responsive,non_responsive
1739453,non_responsive,non_responsive,non_responsive,non_responsive
1739480,non_responsive,non_responsive,non_responsive,non_responsive
1739656,non_responsive,non_responsive,non_responsive,non_responsive
1739675,non_responsive,non_responsive,non_responsive,non_responsive
1739715,non_responsive,non_responsive,non_responsive,non_responsive
1739743,non_responsive,non_responsive,non_responsive,non_responsive
1739793,non_responsive,non_responsive,non_responsive,non_responsive
1739830,non_responsive,non_responsive,non_responsive,non_responsive
1739879,non_responsive,non_responsive,non_responsive,non_responsive
1739893,non_responsive,non_responsive,non_responsive,non_responsive
1739976,non_responsive,non_responsive,non_responsive,non_responsive
1740098,non_responsive,non_responsive,non_responsive,non_responsive
1740157,non_responsive,non_responsive,non_responsive,non_responsive
1740235,non_responsive,non_responsive,non_responsive,non_responsive
1740249,non_responsive,non_responsive,non_responsive,non_responsive
1740413,non_responsive,non_responsive,non_responsive,non_responsive
1740427,non_responsive,non_responsive,non_responsive,non_responsive
1740463,non_responsive,non_responsive,non_responsive,non_responsive
1740492,non_responsive,non_responsive,non_responsive,non_responsive
1740505,non_responsive,non_responsive,non_responsive,non_responsive
1740551,non_responsive,non_responsive,non_responsive,non_responsive
1740572,non_responsive,non_responsive,non_responsive,non_responsive
1740622,non_responsive,non_responsive,non_responsive,non_responsive
1741085,non_responsive,non_responsive,non_responsive,non_responsive
1741338,non_responsive,non_responsive,non_responsive,non_responsive
1742296,non_responsive,non_responsive,non_responsive,non_responsive
1743085,non_responsive,non_responsive,non_responsive,non_responsive
1743282,non_responsive,non_responsive,non_responsive,non_responsive
1743994,non_responsive,non_responsive,non_responsive,non_responsive
1744105,non_responsive,non_responsive,non_responsive,non_responsive
1744857,non_responsive,non_responsive,non_responsive,non_responsive
1744997,non_responsive,non_responsive,non_responsive,non_responsive
1745150,non_responsive,non_responsive,non_responsive,non_responsive
1745461,non_responsive,non_responsive,non_responsive,non_responsive
1745777,non_responsive,non_responsive,non_responsive,non_responsive
1746702,non_responsive,non_responsive,non_responsive,non_responsive
1746703,non_responsive,non_responsive,non_responsive,non_responsive
1747283,non_responsive,non_responsive,non_responsive,non_responsive
1747304,non_responsive,non_responsive,responsive,non_responsive
1747750,non_responsive,non_responsive,non_responsive,non_responsive
1747849,non_responsive,non_responsive,non_responsive,non_responsive
1748034,non_responsive,non_responsive,non_responsive,non_responsive
1748289,non_responsive,non_responsive,non_responsive,non_responsive
1748613,non_responsive,non_responsive,non_responsive,non_responsive
1748733,non_responsive,non_responsive,non_responsive,non_responsive
1749394,non_responsive,non_responsive,non_responsive,non_responsive
1749657,non_responsive,non_responsive,non_responsive,non_responsive
1749658,non_responsive,non_responsive,non_responsive,non_responsive
1749889,non_responsive,non_responsive,non_responsive,non_responsive
1749936,non_responsive,non_responsive,non_responsive,non_responsive
1750146,non_responsive,non_responsive,non_responsive,non_responsive
1750156,non_responsive,non_responsive,non_responsive,non_responsive
1750164,non_responsive,non_responsive,non_responsive,non_responsive
1750179,non_responsive,non_responsive,non_responsive,non_responsive
1750182,non_responsive,non_responsive,non_responsive,non_responsive
1750184,non_responsive,non_responsive,non_responsive,non_responsive
1750188,non_responsive,non_responsive,non_responsive,non_responsive
1750195,non_responsive,non_responsive,non_responsive,non_responsive
1750234,non_responsive,non_responsive,non_responsive,non_responsive
1750566,non_responsive,non_responsive,non_responsive,non_responsive
1750620,non_responsive,non_responsive,non_responsive,non_responsive
1751598,non_responsive,non_responsive,non_responsive,non_responsive
1752147,non_responsive,non_responsive,non_responsive,non_responsive
1752254,non_responsive,non_responsive,non_responsive,non_responsive
1752334,non_responsive,non_responsive,non_responsive,non_responsive
1752644,non_responsive,non_responsive,non_responsive,non_responsive
1753059,non_responsive,non_responsive,non_responsive,non_responsive
1753281,non_responsive,non_responsive,non_responsive,non_responsive
1753752,non_responsive,non_responsive,non_responsive,non_responsive
1754201,non_responsive,non_responsive,non_responsive,non_responsive
1754559,non_responsive,non_responsive,non_responsive,non_responsive
1754561,non_responsive,non_responsive,non_responsive,non_responsive
1754640,non_responsive,non_responsive,non_responsive,non_responsive
1754851,non_responsive,non_responsive,non_responsive,non_responsive
1755047,non_responsive,non_responsive,non_responsive,non_responsive
1755048,non_responsive,non_responsive,non_responsive,non_responsive
1755090,non_responsive,non_responsive,non_responsive,non_responsive
1755124,non_responsive,non_responsive,non_responsive,non_responsive
1755345,non_responsive,non_responsive,responsive,non_responsive
1756069,non_responsive,non_responsive,non_responsive,non_responsive
1756208,non_responsive,non_responsive,non_responsive,non_responsive
1756371,non_responsive,non_responsive,non_responsive,non_responsive
1756683,non_responsive,non_responsive,non_responsive,non_responsive
1756825,non_responsive,non_responsive,non_responsive,non_responsive
1756878,non_responsive,non_responsive,non_responsive,non_responsive
1756951,non_responsive,non_responsive,non_responsive,non_responsive
1757310,non_responsive,non_responsive,non_responsive,non_responsive
1757581,non_responsive,non_responsive,non_responsive,non_responsive
1758049,non_responsive,non_responsive,non_responsive,non_responsive
1758105,non_responsive,non_responsive,non_responsive,non_responsive
1758195,non_responsive,non_responsive,non_responsive,non_responsive
1758313,non_responsive,non_responsive,non_responsive,non_responsive
1758955,non_responsive,non_responsive,non_responsive,non_responsive
1759340,non_responsive,non_responsive,non_responsive,non_responsive
1759484,non_responsive,non_responsive,non_responsive,non_responsive
1759581,non_responsive,non_responsive,non_responsive,non_responsive
1760008,non_responsive,non_responsive,non_responsive,non_responsive
1760102,non_responsive,non_responsive,non_responsive,non_responsive
1760251,non_responsive,non_responsive,non_responsive,non_responsive
1760804,non_responsive,non_responsive,non_responsive,non_responsive
1761072,non_responsive,non_responsive,non_responsive,non_responsive
1761668,non_responsive,non_responsive,non_responsive,non_responsive
1761899,non_responsive,non_responsive,non_responsive,non_responsive
1762336,non_responsive,non_responsive,non_responsive,non_responsive
1762388,non_responsive,non_responsive,non_responsive,non_responsive
1762656,non_responsive,non_responsive,non_responsive,non_responsive
1763481,non_responsive,non_responsive,non_responsive,non_responsive
1763638,non_responsive,non_responsive,non_responsive,non_responsive
1763697,non_responsive,non_responsive,non_responsive,non_responsive
1763822,non_responsive,non_responsive,non_responsive,non_responsive
1763996,non_responsive,non_responsive,non_responsive,non_responsive
1764208,non_responsive,non_responsive,non_responsive,non_responsive
1764312,non_responsive,non_responsive,non_responsive,non_responsive
1765115,non_responsive,non_responsive,non_responsive,non_responsive
1765279,non_responsive,non_responsive,non_responsive,non_responsive
1765393,non_responsive,non_responsive,responsive,non_responsive
1765514,non_responsive,non_responsive,non_responsive,non_responsive
1765627,non_responsive,non_responsive,non_responsive,non_responsive
1765630,non_responsive,non_responsive,non_responsive,non_responsive
1765863,non_responsive,non_responsive,non_responsive,non_responsive
1765992,non_responsive,non_responsive,non_responsive,non_responsive
1766203,non_responsive,non_responsive,non_responsive,non_responsive
1766230,non_responsive,non_responsive,non_responsive,non_responsive
1766827,non_responsive,non_responsive,non_responsive,non_responsive
1767143,non_responsive,non_responsive,non_responsive,non_responsive
1767226,non_responsive,non_responsive,non_responsive,non_responsive
1767607,non_responsive,non_responsive,non_responsive,non_responsive
1767859,non_responsive,non_responsive,non_responsive,non_responsive
1767901,non_responsive,non_responsive,non_responsive,non_responsive
1768143,non_responsive,non_responsive,non_responsive,non_responsive
1768162,non_responsive,non_responsive,non_responsive,non_responsive
1768189,non_responsive,non_responsive,non_responsive,non_responsive
1768218,non_responsive,non_responsive,non_responsive,non_responsive
1768222,non_responsive,non_responsive,non_responsive,non_responsive
1768303,non_responsive,non_responsive,non_responsive,non_responsive
1768588,non_responsive,non_responsive,non_responsive,non_responsive
1768609,non_responsive,non_responsive,non_responsive,non_responsive
1768764,non_responsive,non_responsive,non_responsive,non_responsive
1769072,non_responsive,non_responsive,non_responsive,non_responsive
1769187,non_responsive,non_responsive,non_responsive,non_responsive
1769232,non_responsive,non_responsive,non_responsive,non_responsive
1769287,non_responsive,non_responsive,non_responsive,non_responsive
1769513,non_responsive,non_responsive,non_responsive,non_responsive
1769602,non_responsive,non_responsive,non_responsive,non_responsive
1769837,non_responsive,non_responsive,non_responsive,non_responsive
1770490,non_responsive,non_responsive,non_responsive,non_responsive
1770521,non_responsive,non_responsive,non_responsive,non_responsive
1770553,non_responsive,non_responsive,non_responsive,non_responsive
1770677,non_responsive,non_responsive,non_responsive,non_responsive
1770768,non_responsive,non_responsive,non_responsive,non_responsive
1771033,non_responsive,non_responsive,non_responsive,non_responsive
1771173,non_responsive,non_responsive,non_responsive,non_responsive
1771395,non_responsive,non_responsive,non_responsive,non_responsive
1771535,non_responsive,non_responsive,non_responsive,non_responsive
1771580,non_responsive,non_responsive,non_responsive,non_responsive
1771637,non_responsive,non_responsive,non_responsive,non_responsive
1771839,non_responsive,non_responsive,non_responsive,non_responsive
1771883,non_responsive,non_responsive,non_responsive,non_responsive
1772239,non_responsive,non_responsive,non_responsive,non_responsive
1772311,non_responsive,non_responsive,non_responsive,non_responsive
1772426,non_responsive,non_responsive,non_responsive,non_responsive
1772521,non_responsive,non_responsive,non_responsive,non_responsive
1772533,non_responsive,non_responsive,non_responsive,non_responsive
1772553,non_responsive,non_responsive,non_responsive,non_responsive
1772570,non_responsive,non_responsive,non_responsive,non_responsive
1772609,non_responsive,non_responsive,non_responsive,non_responsive
1772665,non_responsive,non_responsive,non_responsive,non_responsive
1772869,non_responsive,non_responsive,non_responsive,non_responsive
1773474,non_responsive,non_responsive,non_responsive,non_responsive
1773510,non_responsive,non_responsive,non_responsive,non_responsive
1773566,non_responsive,non_responsive,non_responsive,non_responsive
1773631,non_responsive,non_responsive,non_responsive,non_responsive
1773634,non_responsive,non_responsive,non_responsive,non_responsive
1774009,non_responsive,non_responsive,non_responsive,non_responsive
1774108,non_responsive,non_responsive,non_responsive,non_responsive
1774130,non_responsive,non_responsive,non_responsive,non_responsive
1774508,non_responsive,non_responsive,non_responsive,non_responsive
1774557,non_responsive,non_responsive,non_responsive,non_responsive
1774854,non_responsive,non_responsive,non_responsive,non_responsive
1774855,non_responsive,non_responsive,non_responsive,non_responsive
1774865,non_responsive,non_responsive,non_responsive,non_responsive
1774894,non_responsive,non_responsive,non_responsive,non_responsive
1774962,non_responsive,non_responsive,non_responsive,non_responsive
1775069,non_responsive,non_responsive,non_responsive,non_responsive
1775173,non_responsive,non_responsive,non_responsive,non_responsive
1775268,non_responsive,non_responsive,non_responsive,non_responsive
1775313,non_responsive,non_responsive,non_responsive,non_responsive
1775479,non_responsive,non_responsive,non_responsive,non_responsive
1775675,non_responsive,non_responsive,non_responsive,non_responsive
1775747,non_responsive,non_responsive,non_responsive,non_responsive
1775761,non_responsive,non_responsive,non_responsive,non_responsive
1775995,non_responsive,non_responsive,non_responsive,non_responsive
1776226,non_responsive,non_responsive,non_responsive,non_responsive
1776268,non_responsive,non_responsive,non_responsive,non_responsive
1776398,non_responsive,non_responsive,non_responsive,non_responsive
1776565,non_responsive,non_responsive,non_responsive,non_responsive
1776750,non_responsive,non_responsive,non_responsive,non_responsive
1777000,non_responsive,non_responsive,non_responsive,non_responsive
1777020,non_responsive,non_responsive,non_responsive,non_responsive
1777022,non_responsive,non_responsive,non_responsive,non_responsive
1777031,non_responsive,non_responsive,non_responsive,non_responsive
1777083,non_responsive,non_responsive,non_responsive,non_responsive
1777120,non_responsive,non_responsive,non_responsive,non_responsive
1777355,non_responsive,non_responsive,non_responsive,non_responsive
1777490,non_responsive,non_responsive,non_responsive,non_responsive
1777570,non_responsive,non_responsive,non_responsive,non_responsive
1777639,non_responsive,non_responsive,non_responsive,non_responsive
1777895,non_responsive,non_responsive,non_responsive,non_responsive
1777899,non_responsive,non_responsive,non_responsive,non_responsive
1778004,non_responsive,non_responsive,non_responsive,non_responsive
1778121,non_responsive,non_responsive,non_responsive,non_responsive
1778293,non_responsive,non_responsive,responsive,non_responsive
1778689,non_responsive,non_responsive,non_responsive,non_responsive
1779062,non_responsive,non_responsive,non_responsive,non_responsive
1779126,non_responsive,non_responsive,non_responsive,non_responsive
1779156,non_responsive,non_responsive,responsive,non_responsive
1779538,non_responsive,non_responsive,responsive,non_responsive
1779673,non_responsive,non_responsive,non_responsive,non_responsive
1779674,non_responsive,non_responsive,non_responsive,non_responsive
1779675,non_responsive,non_responsive,non_responsive,non_responsive
1779676,non_responsive,non_responsive,non_responsive,non_responsive
1779678,non_responsive,non_responsive,non_responsive,non_responsive
1779835,non_responsive,non_responsive,non_responsive,non_responsive
1780145,non_responsive,non_responsive,non_responsive,non_responsive
1780222,non_responsive,non_responsive,non_responsive,non_responsive
1780290,non_responsive,non_responsive,non_responsive,non_responsive
1780407,non_responsive,non_responsive,non_responsive,non_responsive
1780483,non_responsive,non_responsive,non_responsive,non_responsive
1780501,non_responsive,non_responsive,non_responsive,non_responsive
1780561,non_responsive,non_responsive,non_responsive,non_responsive
1780738,non_responsive,non_responsive,non_responsive,non_responsive
1780773,non_responsive,non_responsive,non_responsive,non_responsive
1780888,non_responsive,non_responsive,non_responsive,non_responsive
1781208,non_responsive,non_responsive,non_responsive,non_responsive
1781679,non_responsive,non_responsive,non_responsive,non_responsive
1781907,non_responsive,non_responsive,non_responsive,non_responsive
1782018,non_responsive,non_responsive,non_responsive,non_responsive
1782081,non_responsive,non_responsive,non_responsive,non_responsive
1782221,non_responsive,non_responsive,non_responsive,non_responsive
1782317,non_responsive,non_responsive,non_responsive,non_responsive
1782386,non_responsive,non_responsive,non_responsive,non_responsive
1782783,non_responsive,non_responsive,non_responsive,non_responsive
1782908,non_responsive,non_responsive,non_responsive,non_responsive
1782955,non_responsive,non_responsive,non_responsive,non_responsive
1782984,non_responsive,non_responsive,non_responsive,non_responsive
1782993,non_responsive,non_responsive,non_responsive,non_responsive
1783494,non_responsive,non_responsive,non_responsive,non_responsive
1783538,non_responsive,non_responsive,non_responsive,non_responsive
1783618,non_responsive,non_responsive,non_responsive,non_responsive
1783719,non_responsive,non_responsive,non_responsive,non_responsive
1783957,non_responsive,non_responsive,non_responsive,non_responsive
1783970,non_responsive,non_responsive,non_responsive,non_responsive
1784225,non_responsive,non_responsive,non_responsive,non_responsive
1784288,non_responsive,non_responsive,non_responsive,non_responsive
1784397,non_responsive,non_responsive,non_responsive,non_responsive
1784454,non_responsive,non_responsive,non_responsive,non_responsive
1784559,non_responsive,non_responsive,non_responsive,non_responsive
1784647,non_responsive,non_responsive,non_responsive,non_responsive
1784658,non_responsive,non_responsive,non_responsive,non_responsive
1784789,non_responsive,non_responsive,non_responsive,non_responsive
1784814,non_responsive,non_responsive,non_responsive,non_responsive
1784955,non_responsive,non_responsive,non_responsive,non_responsive
1785171,non_responsive,non_responsive,non_responsive,non_responsive
1785289,non_responsive,non_responsive,non_responsive,non_responsive
1785307,non_responsive,non_responsive,non_responsive,non_responsive
1785396,non_responsive,non_responsive,non_responsive,non_responsive
1785448,non_responsive,non_responsive,non_responsive,non_responsive
1785461,non_responsive,non_responsive,non_responsive,non_responsive
1785590,non_responsive,non_responsive,non_responsive,non_responsive
1785697,non_responsive,non_responsive,non_responsive,non_responsive
1785748,non_responsive,non_responsive,non_responsive,non_responsive
1785797,non_responsive,non_responsive,non_responsive,non_responsive
1785837,non_responsive,non_responsive,non_responsive,non_responsive
1786000,non_responsive,non_responsive,non_responsive,non_responsive
1786167,non_responsive,non_responsive,non_responsive,non_responsive
1786277,non_responsive,non_responsive,non_responsive,non_responsive
1786479,non_responsive,non_responsive,non_responsive,non_responsive
1786491,non_responsive,non_responsive,non_responsive,non_responsive
1786617,non_responsive,non_responsive,non_responsive,non_responsive
1786767,non_responsive,non_responsive,non_responsive,non_responsive
1786776,non_responsive,non_responsive,non_responsive,non_responsive
1786865,non_responsive,non_responsive,non_responsive,non_responsive
1786992,non_responsive,non_responsive,non_responsive,non_responsive
1786993,non_responsive,non_responsive,non_responsive,non_responsive
1787053,non_responsive,non_responsive,non_responsive,non_responsive
1787085,non_responsive,non_responsive,non_responsive,non_responsive
1787117,non_responsive,non_responsive,non_responsive,non_responsive
1787123,non_responsive,non_responsive,non_responsive,non_responsive
1787327,non_responsive,non_responsive,non_responsive,non_responsive
1787332,non_responsive,non_responsive,non_responsive,non_responsive
1787352,non_responsive,non_responsive,non_responsive,non_responsive
1787357,non_responsive,non_responsive,non_responsive,non_responsive
1787364,non_responsive,non_responsive,non_responsive,non_responsive
1787372,non_responsive,non_responsive,non_responsive,non_responsive
1787425,non_responsive,non_responsive,non_responsive,non_responsive
1787439,non_responsive,non_responsive,non_responsive,non_responsive
1787441,non_responsive,non_responsive,non_responsive,non_responsive
1787624,non_responsive,non_responsive,non_responsive,non_responsive
1787647,non_responsive,non_responsive,non_responsive,non_responsive
1787722,non_responsive,non_responsive,non_responsive,non_responsive
1787777,non_responsive,non_responsive,non_responsive,non_responsive
1787848,non_responsive,non_responsive,non_responsive,non_responsive
1788045,non_responsive,non_responsive,non_responsive,non_responsive
1788116,non_responsive,non_responsive,non_responsive,non_responsive
1788174,non_responsive,non_responsive,non_responsive,non_responsive
1788274,non_responsive,non_responsive,non_responsive,non_responsive
1788365,non_responsive,non_responsive,non_responsive,non_responsive
1788485,non_responsive,non_responsive,non_responsive,non_responsive
1788488,non_responsive,non_responsive,non_responsive,non_responsive
1788658,non_responsive,non_responsive,non_responsive,non_responsive
1788713,non_responsive,non_responsive,non_responsive,non_responsive
1788776,non_responsive,non_responsive,non_responsive,non_responsive
1788854,non_responsive,non_responsive,non_responsive,non_responsive
1788945,non_responsive,non_responsive,non_responsive,non_responsive
1789041,non_responsive,non_responsive,non_responsive,non_responsive
1789101,non_responsive,non_responsive,non_responsive,non_responsive
1789136,non_responsive,non_responsive,non_responsive,non_responsive
1789167,non_responsive,non_responsive,non_responsive,non_responsive
1789399,non_responsive,non_responsive,non_responsive,non_responsive
1789435,non_responsive,non_responsive,non_responsive,non_responsive
1789454,non_responsive,non_responsive,non_responsive,non_responsive
1789797,non_responsive,non_responsive,non_responsive,non_responsive
1789884,non_responsive,non_responsive,non_responsive,non_responsive
1789934,non_responsive,non_responsive,non_responsive,non_responsive
1789967,non_responsive,non_responsive,non_responsive,non_responsive
1789980,non_responsive,non_responsive,non_responsive,non_responsive
1790001,non_responsive,non_responsive,non_responsive,non_responsive
1790046,non_responsive,non_responsive,non_responsive,non_responsive
1790058,non_responsive,non_responsive,non_responsive,non_responsive
1790334,non_responsive,non_responsive,non_responsive,non_responsive
1790398,non_responsive,non_responsive,non_responsive,non_responsive
1790455,non_responsive,non_responsive,non_responsive,non_responsive
1790507,non_responsive,non_responsive,non_responsive,non_responsive
1790525,non_responsive,non_responsive,non_responsive,non_responsive
1790586,non_responsive,non_responsive,non_responsive,non_responsive
1790608,non_responsive,non_responsive,non_responsive,non_responsive
1790639,non_responsive,non_responsive,non_responsive,non_responsive
1790660,non_responsive,non_responsive,non_responsive,non_responsive
1790748,non_responsive,non_responsive,non_responsive,non_responsive
1790779,non_responsive,non_responsive,non_responsive,non_responsive
1790972,non_responsive,non_responsive,non_responsive,non_responsive
1791101,non_responsive,non_responsive,non_responsive,non_responsive
1791177,non_responsive,non_responsive,non_responsive,non_responsive
1791208,non_responsive,non_responsive,non_responsive,non_responsive
1791224,non_responsive,non_responsive,non_responsive,non_responsive
1791516,non_responsive,non_responsive,non_responsive,non_responsive
1791569,non_responsive,non_responsive,non_responsive,non_responsive
1791652,non_responsive,non_responsive,non_responsive,non_responsive
1791801,non_responsive,non_responsive,non_responsive,non_responsive
1791803,non_responsive,non_responsive,non_responsive,non_responsive
1792057,non_responsive,non_responsive,non_responsive,non_responsive
1792284,non_responsive,non_responsive,non_responsive,non_responsive
1792455,non_responsive,non_responsive,non_responsive,non_responsive
1792623,non_responsive,non_responsive,non_responsive,non_responsive
1792725,non_responsive,non_responsive,non_responsive,non_responsive
1792855,non_responsive,non_responsive,non_responsive,non_responsive
1793007,non_responsive,non_responsive,non_responsive,non_responsive
1793121,non_responsive,non_responsive,non_responsive,non_responsive
1793135,non_responsive,non_responsive,non_responsive,non_responsive
1793331,non_responsive,non_responsive,non_responsive,non_responsive
1793343,non_responsive,non_responsive,non_responsive,non_responsive
1793493,non_responsive,non_responsive,non_responsive,non_responsive
1793586,non_responsive,non_responsive,non_responsive,non_responsive
1793718,non_responsive,non_responsive,non_responsive,non_responsive
1793720,non_responsive,non_responsive,non_responsive,non_responsive
1793878,non_responsive,non_responsive,non_responsive,non_responsive
1793940,non_responsive,non_responsive,non_responsive,non_responsive
1793941,non_responsive,non_responsive,non_responsive,non_responsive
1793942,non_responsive,non_responsive,non_responsive,non_responsive
1793943,non_responsive,non_responsive,non_responsive,non_responsive
1793944,non_responsive,non_responsive,non_responsive,non_responsive
1793987,non_responsive,non_responsive,non_responsive,non_responsive
1794101,non_responsive,non_responsive,non_responsive,non_responsive
1794211,non_responsive,non_responsive,non_responsive,non_responsive
1794388,non_responsive,non_responsive,non_responsive,non_responsive
1794579,non_responsive,non_responsive,non_responsive,non_responsive
1794684,non_responsive,non_responsive,non_responsive,non_responsive
1794686,non_responsive,non_responsive,non_responsive,non_responsive
1794735,non_responsive,non_responsive,non_responsive,non_responsive
1794765,non_responsive,non_responsive,non_responsive,non_responsive
1794840,non_responsive,non_responsive,non_responsive,non_responsive
1794858,non_responsive,non_responsive,non_responsive,non_responsive
1794934,non_responsive,non_responsive,non_responsive,non_responsive
1794943,non_responsive,non_responsive,non_responsive,non_responsive
1794985,non_responsive,non_responsive,non_responsive,non_responsive
1795193,non_responsive,non_responsive,non_responsive,non_responsive
1795230,non_responsive,non_responsive,non_responsive,non_responsive
1795259,non_responsive,non_responsive,non_responsive,non_responsive
1795288,non_responsive,non_responsive,non_responsive,non_responsive
1795293,non_responsive,non_responsive,non_responsive,non_responsive
1795314,non_responsive,non_responsive,non_responsive,non_responsive
1795478,non_responsive,non_responsive,non_responsive,non_responsive
1795516,non_responsive,non_responsive,non_responsive,non_responsive
1795578,non_responsive,non_responsive,non_responsive,non_responsive
1795633,non_responsive,non_responsive,responsive,non_responsive
1795728,non_responsive,non_responsive,non_responsive,non_responsive
1795832,non_responsive,non_responsive,non_responsive,non_responsive
1795834,non_responsive,non_responsive,non_responsive,non_responsive
1796028,non_responsive,non_responsive,responsive,non_responsive
1796037,non_responsive,non_responsive,non_responsive,non_responsive
1796038,non_responsive,non_responsive,non_responsive,non_responsive
1796072,non_responsive,non_responsive,non_responsive,non_responsive
1796133,non_responsive,non_responsive,non_responsive,non_responsive
1796276,non_responsive,non_responsive,non_responsive,non_responsive
1796293,non_responsive,non_responsive,non_responsive,non_responsive
1796330,non_responsive,non_responsive,non_responsive,non_responsive
1796340,non_responsive,non_responsive,non_responsive,non_responsive
1796435,non_responsive,non_responsive,non_responsive,non_responsive
1796505,non_responsive,non_responsive,non_responsive,non_responsive
1796558,non_responsive,non_responsive,non_responsive,non_responsive
1796591,non_responsive,non_responsive,non_responsive,non_responsive
1796640,non_responsive,non_responsive,non_responsive,non_responsive
1796641,non_responsive,non_responsive,non_responsive,non_responsive
1796717,non_responsive,non_responsive,non_responsive,non_responsive
1796748,non_responsive,non_responsive,non_responsive,non_responsive
1796752,non_responsive,non_responsive,non_responsive,non_responsive
1796792,non_responsive,non_responsive,non_responsive,non_responsive
1796830,non_responsive,non_responsive,non_responsive,non_responsive
1796873,non_responsive,non_responsive,non_responsive,non_responsive
1796961,non_responsive,non_responsive,non_responsive,non_responsive
1797176,non_responsive,non_responsive,non_responsive,non_responsive
1797214,non_responsive,non_responsive,non_responsive,non_responsive
1797251,non_responsive,non_responsive,non_responsive,non_responsive
1797302,non_responsive,non_responsive,non_responsive,non_responsive
1797332,non_responsive,non_responsive,non_responsive,non_responsive
1797344,non_responsive,non_responsive,non_responsive,non_responsive
1797513,non_responsive,non_responsive,non_responsive,non_responsive
1797521,non_responsive,non_responsive,non_responsive,non_responsive
1797669,non_responsive,non_responsive,non_responsive,non_responsive
1797761,non_responsive,non_responsive,non_responsive,non_responsive
1797841,non_responsive,non_responsive,non_responsive,non_responsive
1797931,non_responsive,non_responsive,non_responsive,non_responsive
1798061,non_responsive,non_responsive,non_responsive,non_responsive
1798288,non_responsive,non_responsive,non_responsive,non_responsive
1798499,non_responsive,non_responsive,non_responsive,non_responsive
1798548,non_responsive,non_responsive,non_responsive,non_responsive
1798552,non_responsive,non_responsive,non_responsive,non_responsive
1798620,non_responsive,non_responsive,non_responsive,non_responsive
1798698,non_responsive,non_responsive,non_responsive,non_responsive
1798739,non_responsive,non_responsive,non_responsive,non_responsive
1798748,non_responsive,non_responsive,non_responsive,non_responsive
1798835,non_responsive,non_responsive,non_responsive,non_responsive
1798973,non_responsive,non_responsive,non_responsive,non_responsive
1799079,non_responsive,non_responsive,non_responsive,non_responsive
1799175,non_responsive,non_responsive,non_responsive,non_responsive
1799193,non_responsive,non_responsive,non_responsive,non_responsive
1799374,non_responsive,non_responsive,non_responsive,non_responsive
1799423,non_responsive,non_responsive,non_responsive,non_responsive
1799432,non_responsive,non_responsive,non_responsive,non_responsive
1801402,non_responsive,non_responsive,non_responsive,non_responsive
1801954,non_responsive,non_responsive,non_responsive,non_responsive
1804133,non_responsive,non_responsive,non_responsive,non_responsive
1804685,non_responsive,non_responsive,non_responsive,non_responsive
1809552,non_responsive,non_responsive,non_responsive,non_responsive
1809553,non_responsive,non_responsive,non_responsive,non_responsive
1896675,non_responsive,non_responsive,non_responsive,non_responsive
1896873,non_responsive,non_responsive,non_responsive,non_responsive
1896968,non_responsive,non_responsive,non_responsive,non_responsive
1897016,non_responsive,non_responsive,non_responsive,non_responsive
1902310,non_responsive,non_responsive,non_responsive,non_responsive
1902957,non_responsive,non_responsive,non_responsive,non_responsive
1904414,non_responsive,non_responsive,non_responsive,non_responsive
1905338,non_responsive,non_responsive,non_responsive,non_responsive
1910008,non_responsive,non_responsive,non_responsive,non_responsive
1912901,non_responsive,non_responsive,non_responsive,non_responsive
1913199,non_responsive,non_responsive,non_responsive,non_responsive
1914819,non_responsive,non_responsive,non_responsive,non_responsive
1917805,non_responsive,non_responsive,non_responsive,non_responsive
1919713,non_responsive,non_responsive,non_responsive,non_responsive
1921232,non_responsive,non_responsive,responsive,non_responsive
1927862,non_responsive,non_responsive,non_responsive,non_responsive
1928980,non_responsive,non_responsive,non_responsive,non_responsive
1929404,non_responsive,non_responsive,non_responsive,non_responsive
1929570,non_responsive,non_responsive,non_responsive,non_responsive
1934087,non_responsive,non_responsive,non_responsive,non_responsive
1939448,non_responsive,non_responsive,non_responsive,non_responsive
1941560,non_responsive,non_responsive,non_responsive,non_responsive
1942794,non_responsive,non_responsive,non_responsive,non_responsive
1945326,non_responsive,non_responsive,non_responsive,non_responsive
1945482,non_responsive,non_responsive,non_responsive,non_responsive
1947367,non_responsive,non_responsive,non_responsive,non_responsive
1948272,non_responsive,non_responsive,non_responsive,non_responsive
1949142,non_responsive,non_responsive,non_responsive,non_responsive
1951118,non_responsive,non_responsive,non_responsive,non_responsive
1951308,non_responsive,non_responsive,non_responsive,non_responsive
1958244,non_responsive,non_responsive,non_responsive,non_responsive
1960487,non_responsive,non_responsive,non_responsive,non_responsive
1960602,non_responsive,non_responsive,non_responsive,non_responsive
1960603,non_responsive,non_responsive,non_responsive,non_responsive
1961981,non_responsive,non_responsive,non_responsive,non_responsive
1963913,non_responsive,non_responsive,non_responsive,non_responsive
1965023,non_responsive,non_responsive,non_responsive,non_responsive
1975732,non_responsive,non_responsive,non_responsive,non_responsive
1980836,non_responsive,non_responsive,non_responsive,non_responsive
1981167,non_responsive,non_responsive,non_responsive,non_responsive
1982198,non_responsive,non_responsive,non_responsive,non_responsive
1982668,non_responsive,non_responsive,non_responsive,non_responsive
1982924,non_responsive,non_responsive,non_responsive,non_responsive
1983231,non_responsive,non_responsive,non_responsive,non_responsive
1983461,non_responsive,non_responsive,non_responsive,non_responsive
1983853,non_responsive,non_responsive,non_responsive,non_responsive
1984366,non_responsive,non_responsive,non_responsive,non_responsive
1984808,non_responsive,non_responsive,non_responsive,non_responsive
1985263,non_responsive,non_responsive,non_responsive,non_responsive
1986867,non_responsive,non_responsive,non_responsive,non_responsive
1987373,non_responsive,non_responsive,non_responsive,non_responsive
1988947,non_responsive,non_responsive,non_responsive,non_responsive
1996220,non_responsive,non_responsive,non_responsive,non_responsive
1997881,non_responsive,non_responsive,non_responsive,non_responsive
1999034,non_responsive,non_responsive,non_responsive,non_responsive
1999649,non_responsive,non_responsive,non_responsive,non_responsive
2000372,non_responsive,non_responsive,non_responsive,non_responsive
2001307,non_responsive,non_responsive,non_responsive,non_responsive
2001311,non_responsive,non_responsive,non_responsive,non_responsive
2003202,non_responsive,non_responsive,non_responsive,non_responsive
2006194,non_responsive,non_responsive,non_responsive,non_responsive
2006254,non_responsive,non_responsive,non_responsive,non_responsive
2006304,non_responsive,responsive,non_responsive,non_responsive
2008197,non_responsive,non_responsive,non_responsive,non_responsive
2009608,non_responsive,non_responsive,non_responsive,non_responsive
2016417,non_responsive,non_responsive,non_responsive,non_responsive
2018254,non_responsive,non_responsive,non_responsive,non_responsive
2019590,non_responsive,non_responsive,non_responsive,non_responsive
2019828,non_responsive,non_responsive,non_responsive,non_responsive
2019899,non_responsive,non_responsive,non_responsive,non_responsive
2020282,non_responsive,non_responsive,non_responsive,non_responsive
2020656,non_responsive,non_responsive,non_responsive,non_responsive
2022089,non_responsive,non_responsive,non_responsive,non_responsive
2022673,non_responsive,non_responsive,non_responsive,non_responsive
2023689,non_responsive,non_responsive,non_responsive,non_responsive
2024223,non_responsive,non_responsive,non_responsive,non_responsive
2024285,non_responsive,non_responsive,non_responsive,non_responsive
2025079,non_responsive,non_responsive,non_responsive,non_responsive
2028964,non_responsive,non_responsive,non_responsive,non_responsive
2029289,non_responsive,non_responsive,non_responsive,non_responsive
2031379,non_responsive,non_responsive,non_responsive,non_responsive
2032029,non_responsive,non_responsive,non_responsive,non_responsive
2032311,non_responsive,non_responsive,non_responsive,non_responsive
2032352,non_responsive,non_responsive,non_responsive,non_responsive
2032842,non_responsive,non_responsive,non_responsive,non_responsive
2035092,non_responsive,non_responsive,non_responsive,non_responsive
2035365,responsive,responsive,responsive,non_responsive
2036642,non_responsive,non_responsive,non_responsive,non_responsive
2036643,non_responsive,non_responsive,non_responsive,non_responsive
2036998,non_responsive,non_responsive,non_responsive,non_responsive
2037132,non_responsive,non_responsive,non_responsive,non_responsive
2037273,non_responsive,non_responsive,non_responsive,non_responsive
2037552,non_responsive,non_responsive,non_responsive,non_responsive
2039209,non_responsive,non_responsive,non_responsive,non_responsive
2039385,non_responsive,non_responsive,non_responsive,non_responsive
2040534,non_responsive,non_responsive,non_responsive,non_responsive
2043198,non_responsive,non_responsive,non_responsive,non_responsive
2046891,non_responsive,non_responsive,non_responsive,non_responsive
2050919,non_responsive,non_responsive,non_responsive,non_responsive
2051209,non_responsive,non_responsive,non_responsive,non_responsive
2055056,non_responsive,non_responsive,non_responsive,non_responsive
2055419,non_responsive,non_responsive,non_responsive,non_responsive
2055576,non_responsive,non_responsive,non_responsive,non_responsive
2056580,non_responsive,non_responsive,non_responsive,non_responsive
2058307,non_responsive,non_responsive,non_responsive,non_responsive
2058791,non_responsive,non_responsive,non_responsive,non_responsive
2060791,non_responsive,non_responsive,non_responsive,non_responsive
2060981,non_responsive,non_responsive,non_responsive,non_responsive
2062324,non_responsive,non_responsive,non_responsive,non_responsive
2064766,non_responsive,non_responsive,non_responsive,non_responsive
2064880,non_responsive,non_responsive,non_responsive,non_responsive
2067185,non_responsive,non_responsive,non_responsive,non_responsive
2069429,non_responsive,non_responsive,non_responsive,non_responsive
2075170,non_responsive,non_responsive,non_responsive,non_responsive
2076347,non_responsive,non_responsive,non_responsive,non_responsive
2078210,non_responsive,non_responsive,non_responsive,non_responsive
2079385,non_responsive,non_responsive,non_responsive,non_responsive
2079865,non_responsive,non_responsive,non_responsive,non_responsive
2080575,non_responsive,non_responsive,non_responsive,non_responsive
2081787,non_responsive,non_responsive,non_responsive,non_responsive
2082996,non_responsive,non_responsive,non_responsive,non_responsive
2083506,non_responsive,non_responsive,non_responsive,non_responsive
2084320,non_responsive,non_responsive,responsive,non_responsive
2093136,non_responsive,non_responsive,non_responsive,non_responsive
2094370,non_responsive,non_responsive,non_responsive,non_responsive
2096185,non_responsive,non_responsive,non_responsive,non_responsive
2096208,non_responsive,non_responsive,non_responsive,non_responsive
2096430,non_responsive,non_responsive,non_responsive,non_responsive
2096431,non_responsive,non_responsive,non_responsive,non_responsive
2098461,non_responsive,non_responsive,non_responsive,non_responsive
2104419,non_responsive,non_responsive,non_responsive,non_responsive
2105243,non_responsive,non_responsive,non_responsive,non_responsive
2107350,non_responsive,non_responsive,non_responsive,non_responsive
2107357,non_responsive,non_responsive,non_responsive,non_responsive
2108080,non_responsive,non_responsive,non_responsive,non_responsive
2108136,non_responsive,non_responsive,non_responsive,non_responsive
2108240,non_responsive,non_responsive,non_responsive,non_responsive
2108858,non_responsive,non_responsive,non_responsive,non_responsive
2109356,non_responsive,non_responsive,non_responsive,non_responsive
2110687,non_responsive,non_responsive,non_responsive,non_responsive
2112414,non_responsive,non_responsive,non_responsive,non_responsive
2116281,non_responsive,non_responsive,non_responsive,non_responsive
2118701,non_responsive,non_responsive,non_responsive,non_responsive
2121909,non_responsive,non_responsive,non_responsive,non_responsive
2122905,non_responsive,non_responsive,non_responsive,non_responsive
2123815,non_responsive,non_responsive,non_responsive,non_responsive
2124046,non_responsive,non_responsive,non_responsive,non_responsive
2125409,non_responsive,non_responsive,non_responsive,non_responsive
2129204,non_responsive,non_responsive,non_responsive,non_responsive
2131647,non_responsive,non_responsive,non_responsive,non_responsive
2132825,non_responsive,non_responsive,non_responsive,non_responsive
2133838,non_responsive,non_responsive,non_responsive,non_responsive
2134830,non_responsive,non_responsive,non_responsive,non_responsive
2136596,non_responsive,non_responsive,non_responsive,non_responsive
2136598,non_responsive,non_responsive,non_responsive,non_responsive
2136602,non_responsive,non_responsive,non_responsive,non_responsive
2136606,non_responsive,non_responsive,non_responsive,non_responsive
2136607,non_responsive,non_responsive,non_responsive,non_responsive
2139895,non_responsive,non_responsive,non_responsive,non_responsive
2141394,non_responsive,non_responsive,non_responsive,non_responsive
2141446,non_responsive,non_responsive,non_responsive,non_responsive
2141881,non_responsive,non_responsive,non_responsive,non_responsive
2143913,non_responsive,non_responsive,non_responsive,non_responsive
2145208,non_responsive,non_responsive,non_responsive,non_responsive
2145470,non_responsive,non_responsive,non_responsive,non_responsive
2146451,non_responsive,non_responsive,non_responsive,non_responsive
2147995,non_responsive,non_responsive,non_responsive,non_responsive
2148411,non_responsive,non_responsive,non_responsive,non_responsive
2148599,non_responsive,non_responsive,non_responsive,non_responsive
2149091,non_responsive,non_responsive,non_responsive,non_responsive
2149329,non_responsive,non_responsive,non_responsive,non_responsive
2150527,non_responsive,non_responsive,non_responsive,non_responsive
2153242,non_responsive,non_responsive,non_responsive,non_responsive
2155151,non_responsive,non_responsive,non_responsive,non_responsive
2155858,non_responsive,non_responsive,non_responsive,non_responsive
2156269,non_responsive,non_responsive,non_responsive,non_responsive
2157422,non_responsive,non_responsive,non_responsive,non_responsive
2158111,non_responsive,non_responsive,non_responsive,non_responsive
2160291,non_responsive,non_responsive,non_responsive,non_responsive
2161437,non_responsive,non_responsive,non_responsive,non_responsive
2161916,non_responsive,non_responsive,non_responsive,non_responsive
2163734,non_responsive,non_responsive,non_responsive,non_responsive
2168133,non_responsive,non_responsive,non_responsive,non_responsive
2169003,non_responsive,non_responsive,non_responsive,non_responsive
2169688,non_responsive,non_responsive,non_responsive,non_responsive
2169742,non_responsive,non_responsive,non_responsive,non_responsive
2172852,non_responsive,non_responsive,non_responsive,non_responsive
2173637,non_responsive,non_responsive,non_responsive,non_responsive
2174186,non_responsive,non_responsive,non_responsive,non_responsive
2175261,non_responsive,non_responsive,non_responsive,non_responsive
2181859,non_responsive,non_responsive,non_responsive,non_responsive
2182436,non_responsive,non_responsive,non_responsive,non_responsive
2182677,non_responsive,non_responsive,non_responsive,non_responsive
2187010,non_responsive,non_responsive,non_responsive,non_responsive
2187370,non_responsive,non_responsive,non_responsive,non_responsive
2188059,non_responsive,non_responsive,non_responsive,non_responsive
2188560,non_responsive,non_responsive,non_responsive,non_responsive
2189642,non_responsive,non_responsive,non_responsive,non_responsive
2189662,non_responsive,non_responsive,non_responsive,non_responsive
2193462,non_responsive,non_responsive,non_responsive,non_responsive
2198447,non_responsive,non_responsive,non_responsive,non_responsive
2200420,non_responsive,non_responsive,non_responsive,non_responsive
2202338,non_responsive,non_responsive,non_responsive,non_responsive
2202637,non_responsive,non_responsive,non_responsive,non_responsive
2413278,non_responsive,non_responsive,non_responsive,non_responsive
2415737,non_responsive,non_responsive,non_responsive,non_responsive
2418715,non_responsive,non_responsive,non_responsive,non_responsive
2418768,non_responsive,non_responsive,non_responsive,non_responsive
2428121,non_responsive,non_responsive,non_responsive,non_responsive
2428517,non_responsive,non_responsive,non_responsive,non_responsive
2428644,non_responsive,non_responsive,non_responsive,non_responsive
2431354,non_responsive,non_responsive,non_responsive,non_responsive
2431831,non_responsive,non_responsive,non_responsive,non_responsive
2439932,non_responsive,non_responsive,non_responsive,non_responsive
2443036,non_responsive,non_responsive,non_responsive,non_responsive
2443037,non_responsive,non_responsive,non_responsive,non_responsive
2443038,non_responsive,non_responsive,non_responsive,non_responsive
2443039,non_responsive,non_responsive,non_responsive,non_responsive
2443040,non_responsive,non_responsive,non_responsive,non_responsive
2443041,non_responsive,non_responsive,non_responsive,non_responsive
2443046,non_responsive,non_responsive,non_responsive,non_responsive
2443047,non_responsive,non_responsive,non_responsive,non_responsive
2443048,non_responsive,non_responsive,non_responsive,non_responsive
2443055,non_responsive,non_responsive,non_responsive,non_responsive
2443056,non_responsive,non_responsive,non_responsive,non_responsive
2443057,non_responsive,non_responsive,non_responsive,non_responsive
2443058,non_responsive,non_responsive,non_responsive,non_responsive
2443059,non_responsive,non_responsive,non_responsive,non_responsive
2443061,non_responsive,non_responsive,non_responsive,non_responsive
2443360,non_responsive,non_responsive,non_responsive,non_responsive
2443361,non_responsive,non_responsive,non_responsive,non_responsive
2443362,non_responsive,non_responsive,non_responsive,non_responsive
2443363,non_responsive,non_responsive,non_responsive,non_responsive
2443364,non_responsive,non_responsive,non_responsive,non_responsive
2443365,non_responsive,non_responsive,non_responsive,non_responsive
2445758,non_responsive,non_responsive,non_responsive,non_responsive
2445765,non_responsive,non_responsive,non_responsive,non_responsive
2446883,non_responsive,non_responsive,non_responsive,non_responsive
2447394,non_responsive,non_responsive,non_responsive,non_responsive
2447395,non_responsive,non_responsive,non_responsive,non_responsive
2447396,non_responsive,non_responsive,non_responsive,non_responsive
2447398,non_responsive,non_responsive,non_responsive,non_responsive
2447399,non_responsive,non_responsive,non_responsive,non_responsive
2447400,non_responsive,non_responsive,non_responsive,non_responsive
2447402,non_responsive,non_responsive,non_responsive,non_responsive
2447403,non_responsive,non_responsive,non_responsive,non_responsive
2447404,non_responsive,non_responsive,non_responsive,non_responsive
2447405,non_responsive,non_responsive,non_responsive,non_responsive
2447406,non_responsive,non_responsive,non_responsive,non_responsive
2447408,non_responsive,non_responsive,non_responsive,non_responsive
2447409,non_responsive,non_responsive,non_responsive,non_responsive
2447410,non_responsive,non_responsive,non_responsive,non_responsive
2447411,non_responsive,non_responsive,non_responsive,non_responsive
2447412,non_responsive,non_responsive,non_responsive,non_responsive
2447414,non_responsive,non_responsive,non_responsive,non_responsive
2447415,non_responsive,non_responsive,non_responsive,non_responsive
2447416,non_responsive,non_responsive,non_responsive,non_responsive
2447417,non_responsive,non_responsive,non_responsive,non_responsive
2447419,non_responsive,non_responsive,non_responsive,non_responsive
2447420,non_responsive,non_responsive,non_responsive,non_responsive
2447421,non_responsive,non_responsive,non_responsive,non_responsive
2447422,non_responsive,non_responsive,non_responsive,non_responsive
2447423,non_responsive,non_responsive,non_responsive,non_responsive
2447425,non_responsive,non_responsive,non_responsive,non_responsive
2447426,non_responsive,non_responsive,non_responsive,non_responsive
2447427,non_responsive,non_responsive,non_responsive,non_responsive
2447428,non_responsive,non_responsive,non_responsive,non_responsive
2447429,non_responsive,non_responsive,non_responsive,non_responsive
2447430,non_responsive,non_responsive,responsive,non_responsive
2447431,non_responsive,non_responsive,non_responsive,non_responsive
2453611,non_responsive,non_responsive,non_responsive,non_responsive
2453612,non_responsive,non_responsive,non_responsive,non_responsive
2453613,non_responsive,non_responsive,non_responsive,non_responsive
2453614,non_responsive,non_responsive,non_responsive,non_responsive
2453615,non_responsive,non_responsive,non_responsive,non_responsive
2453616,non_responsive,non_responsive,non_responsive,non_responsive
2453617,non_responsive,non_responsive,non_responsive,non_responsive
2453618,non_responsive,non_responsive,non_responsive,non_responsive
2453619,non_responsive,non_responsive,non_responsive,non_responsive
2453620,non_responsive,non_responsive,non_responsive,non_responsive
2453621,non_responsive,non_responsive,non_responsive,non_responsive
2453622,non_responsive,non_responsive,non_responsive,non_responsive
2453623,non_responsive,non_responsive,non_responsive,non_responsive
2453624,non_responsive,non_responsive,non_responsive,non_responsive
2453625,non_responsive,non_responsive,non_responsive,non_responsive
2453626,non_responsive,non_responsive,non_responsive,non_responsive
2453627,non_responsive,non_responsive,non_responsive,non_responsive
2453628,non_responsive,non_responsive,non_responsive,non_responsive
2453629,non_responsive,non_responsive,non_responsive,non_responsive
2453630,non_responsive,non_responsive,non_responsive,non_responsive
2453631,non_responsive,non_responsive,non_responsive,non_responsive
2453632,non_responsive,non_responsive,non_responsive,non_responsive
2453633,non_responsive,non_responsive,non_responsive,non_responsive
2453634,non_responsive,non_responsive,non_responsive,non_responsive
2453635,non_responsive,non_responsive,non_responsive,non_responsive
2453636,non_responsive,non_responsive,non_responsive,non_responsive
2453637,non_responsive,non_responsive,non_responsive,non_responsive
2453638,non_responsive,non_responsive,non_responsive,non_responsive
2453639,non_responsive,non_responsive,non_responsive,non_responsive
2453640,non_responsive,non_responsive,non_responsive,non_responsive
2453641,non_responsive,non_responsive,non_responsive,non_responsive
2453642,non_responsive,non_responsive,non_responsive,non_responsive
2453643,non_responsive,non_responsive,non_responsive,non_responsive
2453644,non_responsive,non_responsive,non_responsive,non_responsive
2453645,non_responsive,non_responsive,non_responsive,non_responsive
2453646,non_responsive,non_responsive,non_responsive,non_responsive
2453647,non_responsive,non_responsive,non_responsive,non_responsive
2453648,non_responsive,non_responsive,non_responsive,non_responsive
2453649,non_responsive,non_responsive,non_responsive,non_responsive
2453650,non_responsive,non_responsive,non_responsive,non_responsive
2453651,non_responsive,non_responsive,non_responsive,non_responsive
2453652,non_responsive,non_responsive,non_responsive,non_responsive
2453653,non_responsive,non_responsive,responsive,non_responsive
2453654,non_responsive,non_responsive,non_responsive,non_responsive
2453655,non_responsive,non_responsive,non_responsive,non_responsive
2453656,non_responsive,non_responsive,non_responsive,non_responsive
2453658,non_responsive,non_responsive,non_responsive,non_responsive
2453659,non_responsive,non_responsive,non_responsive,non_responsive
2453660,non_responsive,non_responsive,non_responsive,non_responsive
2453661,non_responsive,non_responsive,non_responsive,non_responsive
2453662,non_responsive,non_responsive,non_responsive,non_responsive
2453663,non_responsive,non_responsive,non_responsive,non_responsive
2453664,non_responsive,non_responsive,non_responsive,non_responsive
2453665,non_responsive,non_responsive,non_responsive,non_responsive
2453666,non_responsive,non_responsive,non_responsive,non_responsive
2453667,non_responsive,non_responsive,non_responsive,non_responsive
2453668,non_responsive,non_responsive,non_responsive,non_responsive
2453669,non_responsive,non_responsive,non_responsive,non_responsive
2453670,non_responsive,non_responsive,non_responsive,non_responsive
2494926,non_responsive,non_responsive,non_responsive,non_responsive
2496643,non_responsive,non_responsive,non_responsive,non_responsive
2496644,non_responsive,non_responsive,non_responsive,non_responsive
2498346,non_responsive,non_responsive,responsive,non_responsive
2501080,non_responsive,non_responsive,non_responsive,non_responsive
2501081,non_responsive,non_responsive,non_responsive,non_responsive
2502050,non_responsive,non_responsive,non_responsive,non_responsive
2502286,non_responsive,non_responsive,responsive,non_responsive
2503105,non_responsive,non_responsive,non_responsive,non_responsive
2503106,non_responsive,non_responsive,non_responsive,non_responsive
2503109,non_responsive,non_responsive,non_responsive,non_responsive
2503110,non_responsive,non_responsive,non_responsive,non_responsive
2503924,non_responsive,non_responsive,non_responsive,non_responsive
2503925,non_responsive,non_responsive,non_responsive,non_responsive
2503927,non_responsive,non_responsive,non_responsive,non_responsive
2503928,non_responsive,non_responsive,non_responsive,non_responsive
2503929,non_responsive,non_responsive,non_responsive,non_responsive
2506202,non_responsive,non_responsive,non_responsive,non_responsive
2506206,non_responsive,non_responsive,non_responsive,non_responsive
2506207,non_responsive,non_responsive,non_responsive,non_responsive
2506208,non_responsive,non_responsive,non_responsive,non_responsive
2507398,non_responsive,non_responsive,non_responsive,non_responsive
2546548,non_responsive,non_responsive,non_responsive,non_responsive
2561384,non_responsive,non_responsive,non_responsive,non_responsive
2561385,non_responsive,non_responsive,non_responsive,non_responsive
2561388,non_responsive,non_responsive,non_responsive,non_responsive
2562511,non_responsive,non_responsive,non_responsive,non_responsive
2562512,non_responsive,non_responsive,non_responsive,non_responsive
2562513,non_responsive,non_responsive,non_responsive,non_responsive
2562514,non_responsive,non_responsive,non_responsive,non_responsive
2562515,non_responsive,non_responsive,non_responsive,non_responsive
2562516,non_responsive,non_responsive,non_responsive,non_responsive
2562518,non_responsive,non_responsive,non_responsive,non_responsive
2562519,non_responsive,non_responsive,non_responsive,non_responsive
2562521,non_responsive,non_responsive,non_responsive,non_responsive
2562522,non_responsive,non_responsive,non_responsive,non_responsive
2562523,non_responsive,non_responsive,non_responsive,non_responsive
2562524,non_responsive,non_responsive,non_responsive,non_responsive
2562525,non_responsive,non_responsive,non_responsive,non_responsive
2562526,non_responsive,non_responsive,non_responsive,non_responsive
2562527,non_responsive,non_responsive,non_responsive,non_responsive
2562529,non_responsive,non_responsive,non_responsive,non_responsive
2562530,non_responsive,non_responsive,non_responsive,non_responsive
2562531,non_responsive,non_responsive,non_responsive,non_responsive
2562532,non_responsive,non_responsive,non_responsive,non_responsive
2567855,non_responsive,non_responsive,non_responsive,non_responsive
2567856,non_responsive,non_responsive,non_responsive,non_responsive
2567857,non_responsive,non_responsive,non_responsive,non_responsive
2567858,non_responsive,non_responsive,non_responsive,non_responsive
2567859,non_responsive,non_responsive,non_responsive,non_responsive
2567860,non_responsive,non_responsive,non_responsive,non_responsive
2567862,non_responsive,non_responsive,non_responsive,non_responsive
2567863,non_responsive,non_responsive,non_responsive,non_responsive
2567864,non_responsive,non_responsive,non_responsive,non_responsive
2567865,non_responsive,non_responsive,non_responsive,non_responsive
2567866,non_responsive,non_responsive,non_responsive,non_responsive
2567867,non_responsive,non_responsive,non_responsive,non_responsive
2567868,non_responsive,non_responsive,non_responsive,non_responsive
2567869,non_responsive,non_responsive,non_responsive,non_responsive
2567870,non_responsive,non_responsive,non_responsive,non_responsive
2567872,non_responsive,non_responsive,non_responsive,non_responsive
2567873,non_responsive,non_responsive,non_responsive,non_responsive
2567874,non_responsive,non_responsive,non_responsive,non_responsive
2567875,non_responsive,non_responsive,non_responsive,non_responsive
2567876,non_responsive,non_responsive,non_responsive,non_responsive
2567877,non_responsive,non_responsive,non_responsive,non_responsive
2567879,non_responsive,non_responsive,non_responsive,non_responsive
2567880,non_responsive,non_responsive,non_responsive,non_responsive
2567881,non_responsive,non_responsive,non_responsive,non_responsive
2567882,non_responsive,non_responsive,non_responsive,non_responsive
2567883,non_responsive,non_responsive,non_responsive,non_responsive
2567884,non_responsive,non_responsive,non_responsive,non_responsive
2567885,non_responsive,non_responsive,non_responsive,non_responsive
2567887,non_responsive,non_responsive,non_responsive,non_responsive
2567888,non_responsive,non_responsive,non_responsive,non_responsive
2567889,non_responsive,non_responsive,non_responsive,non_responsive
2567890,non_responsive,non_responsive,non_responsive,non_responsive
2567891,non_responsive,non_responsive,non_responsive,non_responsive
2567892,non_responsive,non_responsive,non_responsive,non_responsive
2567893,non_responsive,non_responsive,non_responsive,non_responsive
2567894,non_responsive,non_responsive,non_responsive,non_responsive
2567895,non_responsive,non_responsive,non_responsive,non_responsive
2567897,non_responsive,non_responsive,non_responsive,non_responsive
2567898,non_responsive,non_responsive,non_responsive,non_responsive
2567899,non_responsive,non_responsive,non_responsive,non_responsive
2567900,non_responsive,non_responsive,non_responsive,non_responsive
2567901,non_responsive,non_responsive,non_responsive,non_responsive
2567902,non_responsive,non_responsive,non_responsive,non_responsive
2567903,non_responsive,non_responsive,non_responsive,non_responsive
2572408,non_responsive,non_responsive,non_responsive,non_responsive
2573420,non_responsive,non_responsive,non_responsive,non_responsive
2573421,non_responsive,non_responsive,non_responsive,non_responsive
2573422,non_responsive,non_responsive,non_responsive,non_responsive
2573423,non_responsive,non_responsive,non_responsive,non_responsive
2573424,non_responsive,non_responsive,non_responsive,non_responsive
2573426,non_responsive,non_responsive,non_responsive,non_responsive
2573427,non_responsive,non_responsive,non_responsive,non_responsive
2573428,non_responsive,non_responsive,non_responsive,non_responsive
2573429,non_responsive,non_responsive,non_responsive,non_responsive
2573430,non_responsive,non_responsive,non_responsive,non_responsive
2575219,non_responsive,non_responsive,non_responsive,non_responsive
2575220,non_responsive,non_responsive,non_responsive,non_responsive
2575221,non_responsive,non_responsive,non_responsive,non_responsive
2575229,non_responsive,non_responsive,non_responsive,non_responsive
2575236,non_responsive,non_responsive,non_responsive,non_responsive
2577297,non_responsive,non_responsive,non_responsive,non_responsive
2577299,non_responsive,non_responsive,non_responsive,non_responsive
2577300,non_responsive,non_responsive,non_responsive,non_responsive
2577302,non_responsive,non_responsive,non_responsive,non_responsive
2577304,non_responsive,non_responsive,non_responsive,non_responsive
2577712,non_responsive,non_responsive,non_responsive,non_responsive
2579737,non_responsive,non_responsive,non_responsive,non_responsive
2579738,non_responsive,non_responsive,non_responsive,non_responsive
2579739,non_responsive,non_responsive,non_responsive,non_responsive
2579740,non_responsive,non_responsive,non_responsive,non_responsive
2579741,non_responsive,non_responsive,non_responsive,non_responsive
2579742,non_responsive,non_responsive,non_responsive,non_responsive
2579744,non_responsive,non_responsive,non_responsive,non_responsive
2579745,non_responsive,non_responsive,non_responsive,non_responsive
2579746,non_responsive,non_responsive,non_responsive,non_responsive
2579747,non_responsive,non_responsive,non_responsive,non_responsive
2579894,non_responsive,non_responsive,non_responsive,non_responsive
2581367,non_responsive,non_responsive,non_responsive,non_responsive
2581464,non_responsive,non_responsive,non_responsive,non_responsive
2581561,non_responsive,non_responsive,non_responsive,non_responsive
2581700,non_responsive,non_responsive,non_responsive,non_responsive
2582827,non_responsive,non_responsive,non_responsive,non_responsive
2584868,non_responsive,non_responsive,non_responsive,non_responsive
2587598,non_responsive,non_responsive,non_responsive,non_responsive
2587599,non_responsive,non_responsive,non_responsive,non_responsive
2587600,non_responsive,non_responsive,non_responsive,non_responsive
2587601,non_responsive,non_responsive,non_responsive,non_responsive
2587602,non_responsive,non_responsive,non_responsive,non_responsive
2587603,non_responsive,non_responsive,non_responsive,non_responsive
2587604,non_responsive,non_responsive,non_responsive,non_responsive
2587605,non_responsive,non_responsive,non_responsive,non_responsive
2587606,non_responsive,non_responsive,non_responsive,non_responsive
2587607,non_responsive,non_responsive,non_responsive,non_responsive
2587608,non_responsive,non_responsive,non_responsive,non_responsive
2587609,non_responsive,non_responsive,non_responsive,non_responsive
2587610,non_responsive,non_responsive,non_responsive,non_responsive
2587611,non_responsive,non_responsive,non_responsive,non_responsive
2587612,non_responsive,non_responsive,non_responsive,non_responsive
2587613,non_responsive,non_responsive,non_responsive,non_responsive
2587614,non_responsive,non_responsive,non_responsive,non_responsive
2587615,non_responsive,non_responsive,non_responsive,non_responsive
2587616,non_responsive,non_responsive,non_responsive,non_responsive
2587617,non_responsive,non_responsive,non_responsive,non_responsive
2587618,non_responsive,non_responsive,non_responsive,non_responsive
2587619,non_responsive,non_responsive,non_responsive,non_responsive
2587620,non_responsive,non_responsive,non_responsive,non_responsive
2587621,non_responsive,non_responsive,non_responsive,non_responsive
2624949,non_responsive,non_responsive,non_responsive,non_responsive
2624950,non_responsive,non_responsive,non_responsive,non_responsive
2624951,non_responsive,non_responsive,non_responsive,non_responsive
2624952,non_responsive,non_responsive,non_responsive,non_responsive
2624953,non_responsive,non_responsive,non_responsive,non_responsive
2624954,non_responsive,non_responsive,non_responsive,non_responsive
2624955,non_responsive,non_responsive,non_responsive,non_responsive
2624956,non_responsive,non_responsive,non_responsive,non_responsive
2624957,non_responsive,non_responsive,non_responsive,non_responsive
2624958,non_responsive,non_responsive,non_responsive,non_responsive
2624959,non_responsive,non_responsive,non_responsive,non_responsive
2624960,non_responsive,non_responsive,non_responsive,non_responsive
2624961,non_responsive,non_responsive,non_responsive,non_responsive
2624962,non_responsive,non_responsive,non_responsive,non_responsive
2624963,non_responsive,non_responsive,non_responsive,non_responsive
2624964,non_responsive,non_responsive,non_responsive,non_responsive
2624965,non_responsive,non_responsive,non_responsive,non_responsive
2624966,non_responsive,non_responsive,non_responsive,non_responsive
2627145,non_responsive,non_responsive,non_responsive,non_responsive
2627162,non_responsive,non_responsive,non_responsive,non_responsive
2627238,non_responsive,non_responsive,non_responsive,non_responsive
2627368,non_responsive,non_responsive,non_responsive,non_responsive
2627425,non_responsive,non_responsive,non_responsive,non_responsive
2627544,non_responsive,non_responsive,non_responsive,non_responsive
2627775,non_responsive,non_responsive,non_responsive,non_responsive
2630690,non_responsive,non_responsive,responsive,non_responsive
2637481,non_responsive,non_responsive,non_responsive,non_responsive
2637539,non_responsive,non_responsive,responsive,non_responsive
2637616,non_responsive,non_responsive,non_responsive,non_responsive
2637639,non_responsive,non_responsive,non_responsive,non_responsive
2637646,non_responsive,non_responsive,non_responsive,non_responsive
2637689,non_responsive,non_responsive,non_responsive,non_responsive
2637856,non_responsive,non_responsive,non_responsive,non_responsive
2657958,non_responsive,non_responsive,non_responsive,non_responsive
2657959,non_responsive,non_responsive,non_responsive,non_responsive
2657960,non_responsive,non_responsive,non_responsive,non_responsive
2657961,non_responsive,non_responsive,non_responsive,non_responsive
2664046,non_responsive,non_responsive,non_responsive,non_responsive
2664163,non_responsive,non_responsive,non_responsive,non_responsive
2664230,non_responsive,non_responsive,non_responsive,non_responsive
2664734,non_responsive,non_responsive,non_responsive,non_responsive
2664854,non_responsive,non_responsive,non_responsive,non_responsive
2671788,non_responsive,non_responsive,non_responsive,non_responsive
2680689,non_responsive,non_responsive,non_responsive,non_responsive
2680690,non_responsive,non_responsive,non_responsive,non_responsive
2680693,non_responsive,non_responsive,non_responsive,non_responsive
2680698,non_responsive,non_responsive,non_responsive,non_responsive
2680699,non_responsive,non_responsive,non_responsive,non_responsive
2680700,non_responsive,non_responsive,non_responsive,non_responsive
2680701,non_responsive,non_responsive,non_responsive,non_responsive
2680702,non_responsive,non_responsive,non_responsive,non_responsive
2680703,non_responsive,non_responsive,non_responsive,non_responsive
2680707,non_responsive,non_responsive,non_responsive,non_responsive
2680708,non_responsive,non_responsive,non_responsive,non_responsive
2680710,non_responsive,non_responsive,non_responsive,non_responsive
2680711,non_responsive,non_responsive,non_responsive,non_responsive
2680713,non_responsive,non_responsive,non_responsive,non_responsive
2680714,non_responsive,non_responsive,non_responsive,non_responsive
2680715,non_responsive,non_responsive,non_responsive,non_responsive
2680716,non_responsive,non_responsive,non_responsive,non_responsive
2680717,non_responsive,non_responsive,non_responsive,non_responsive
2680719,non_responsive,non_responsive,non_responsive,non_responsive
2680720,non_responsive,non_responsive,non_responsive,non_responsive
2680721,non_responsive,non_responsive,non_responsive,non_responsive
2680722,non_responsive,non_responsive,non_responsive,non_responsive
2680723,non_responsive,non_responsive,non_responsive,non_responsive
2680724,non_responsive,non_responsive,non_responsive,non_responsive
2680725,non_responsive,non_responsive,non_responsive,non_responsive
2680727,non_responsive,non_responsive,non_responsive,non_responsive
2681863,non_responsive,non_responsive,non_responsive,non_responsive
2681865,non_responsive,non_responsive,non_responsive,non_responsive
2681866,non_responsive,non_responsive,non_responsive,non_responsive
2681867,non_responsive,non_responsive,non_responsive,non_responsive
2681869,non_responsive,non_responsive,non_responsive,non_responsive
2682269,non_responsive,non_responsive,non_responsive,non_responsive
2682301,non_responsive,non_responsive,non_responsive,non_responsive
2682475,non_responsive,non_responsive,non_responsive,non_responsive
2682476,non_responsive,non_responsive,non_responsive,non_responsive
2682994,non_responsive,non_responsive,non_responsive,non_responsive
2682995,non_responsive,non_responsive,non_responsive,non_responsive
2682996,non_responsive,non_responsive,non_responsive,non_responsive
2683618,non_responsive,non_responsive,non_responsive,non_responsive
2690893,non_responsive,non_responsive,non_responsive,non_responsive
2690895,non_responsive,non_responsive,non_responsive,non_responsive
2690896,non_responsive,non_responsive,non_responsive,non_responsive
2690898,non_responsive,non_responsive,non_responsive,non_responsive
2690899,non_responsive,non_responsive,non_responsive,non_responsive
2690900,non_responsive,non_responsive,non_responsive,non_responsive
2690906,non_responsive,non_responsive,non_responsive,non_responsive
2690907,non_responsive,non_responsive,non_responsive,non_responsive
2690913,non_responsive,non_responsive,non_responsive,non_responsive
2691307,non_responsive,non_responsive,non_responsive,non_responsive
2691421,non_responsive,non_responsive,non_responsive,non_responsive
2691422,non_responsive,non_responsive,non_responsive,non_responsive
2691445,non_responsive,non_responsive,non_responsive,non_responsive
2691472,non_responsive,non_responsive,non_responsive,non_responsive
2691661,non_responsive,non_responsive,responsive,non_responsive
2695137,non_responsive,non_responsive,non_responsive,non_responsive
2697222,non_responsive,non_responsive,non_responsive,non_responsive
2697434,non_responsive,non_responsive,non_responsive,non_responsive
2699566,non_responsive,non_responsive,non_responsive,non_responsive
2699863,non_responsive,non_responsive,non_responsive,non_responsive
2701009,non_responsive,non_responsive,non_responsive,non_responsive
2701030,non_responsive,non_responsive,non_responsive,non_responsive
2702047,non_responsive,non_responsive,non_responsive,non_responsive
2702904,non_responsive,non_responsive,non_responsive,non_responsive
2702950,non_responsive,non_responsive,non_responsive,non_responsive
2703701,non_responsive,non_responsive,non_responsive,non_responsive
2704171,non_responsive,non_responsive,non_responsive,non_responsive
2704931,non_responsive,non_responsive,non_responsive,non_responsive
2705262,non_responsive,non_responsive,non_responsive,non_responsive
2705276,non_responsive,non_responsive,non_responsive,non_responsive
2709239,non_responsive,non_responsive,non_responsive,non_responsive
2709710,non_responsive,non_responsive,non_responsive,non_responsive
2710981,non_responsive,non_responsive,non_responsive,non_responsive
2711905,non_responsive,non_responsive,non_responsive,non_responsive
2713781,non_responsive,non_responsive,non_responsive,non_responsive
2713879,non_responsive,non_responsive,non_responsive,non_responsive
2714431,non_responsive,non_responsive,non_responsive,non_responsive
2714475,non_responsive,non_responsive,non_responsive,non_responsive
2715607,non_responsive,non_responsive,non_responsive,non_responsive
2716001,non_responsive,non_responsive,non_responsive,non_responsive
2717685,non_responsive,non_responsive,non_responsive,non_responsive
2718088,non_responsive,non_responsive,non_responsive,non_responsive
2719603,non_responsive,non_responsive,non_responsive,non_responsive
2719604,non_responsive,non_responsive,non_responsive,non_responsive
2721064,non_responsive,non_responsive,non_responsive,non_responsive
2721337,non_responsive,non_responsive,non_responsive,non_responsive
2721393,non_responsive,non_responsive,non_responsive,non_responsive
2721982,non_responsive,non_responsive,non_responsive,non_responsive
2722257,non_responsive,non_responsive,non_responsive,non_responsive
2722577,non_responsive,non_responsive,non_responsive,non_responsive
2722966,non_responsive,non_responsive,non_responsive,non_responsive
2723281,non_responsive,non_responsive,non_responsive,non_responsive
2723431,non_responsive,non_responsive,non_responsive,non_responsive
2724601,non_responsive,non_responsive,non_responsive,non_responsive
2724988,non_responsive,non_responsive,non_responsive,non_responsive
2725212,non_responsive,non_responsive,non_responsive,non_responsive
2725441,non_responsive,non_responsive,non_responsive,non_responsive
2725981,non_responsive,non_responsive,non_responsive,non_responsive
2726279,non_responsive,non_responsive,non_responsive,non_responsive
2726616,non_responsive,non_responsive,non_responsive,non_responsive
2727391,non_responsive,non_responsive,non_responsive,non_responsive
2728805,non_responsive,non_responsive,non_responsive,non_responsive
2728885,non_responsive,non_responsive,non_responsive,non_responsive
2729011,non_responsive,non_responsive,non_responsive,non_responsive
2729560,non_responsive,non_responsive,non_responsive,non_responsive
2729741,non_responsive,non_responsive,non_responsive,non_responsive
2730409,non_responsive,non_responsive,non_responsive,non_responsive
2730892,non_responsive,non_responsive,non_responsive,non_responsive
2731285,non_responsive,non_responsive,non_responsive,non_responsive
2731639,non_responsive,non_responsive,non_responsive,non_responsive
2732381,non_responsive,non_responsive,non_responsive,non_responsive
2732913,non_responsive,non_responsive,non_responsive,non_responsive
2733330,non_responsive,non_responsive,non_responsive,non_responsive
2734591,non_responsive,non_responsive,non_responsive,non_responsive
2735077,non_responsive,non_responsive,responsive,non_responsive
2735079,non_responsive,non_responsive,non_responsive,non_responsive
2735082,non_responsive,non_responsive,non_responsive,non_responsive
2735083,non_responsive,non_responsive,non_responsive,non_responsive
2735084,non_responsive,non_responsive,non_responsive,non_responsive
2736003,non_responsive,non_responsive,non_responsive,non_responsive
2737841,non_responsive,non_responsive,non_responsive,non_responsive
2737865,non_responsive,non_responsive,non_responsive,non_responsive
2737921,non_responsive,non_responsive,non_responsive,non_responsive
2739507,non_responsive,non_responsive,non_responsive,non_responsive
2740506,non_responsive,non_responsive,non_responsive,non_responsive
2741429,non_responsive,non_responsive,non_responsive,non_responsive
2741546,non_responsive,non_responsive,non_responsive,non_responsive
2742362,non_responsive,non_responsive,non_responsive,non_responsive
2742900,non_responsive,non_responsive,non_responsive,non_responsive
2742942,non_responsive,non_responsive,non_responsive,non_responsive
2742964,non_responsive,non_responsive,non_responsive,non_responsive
2744386,non_responsive,responsive,non_responsive,non_responsive
2744764,non_responsive,non_responsive,non_responsive,non_responsive
2746076,non_responsive,non_responsive,non_responsive,non_responsive
2747329,non_responsive,non_responsive,non_responsive,non_responsive
2748720,non_responsive,non_responsive,non_responsive,non_responsive
2749649,non_responsive,non_responsive,non_responsive,non_responsive
2751183,non_responsive,non_responsive,non_responsive,non_responsive
2751207,non_responsive,non_responsive,non_responsive,non_responsive
2752179,non_responsive,non_responsive,non_responsive,non_responsive
2753788,non_responsive,non_responsive,non_responsive,non_responsive
2754841,non_responsive,non_responsive,non_responsive,non_responsive
2754962,non_responsive,non_responsive,non_responsive,non_responsive
2755496,non_responsive,non_responsive,non_responsive,non_responsive
2755901,non_responsive,non_responsive,non_responsive,non_responsive
2757127,non_responsive,non_responsive,non_responsive,non_responsive
2759709,non_responsive,non_responsive,non_responsive,non_responsive
2760528,non_responsive,non_responsive,non_responsive,non_responsive
2760925,non_responsive,non_responsive,non_responsive,non_responsive
2761535,non_responsive,non_responsive,non_responsive,non_responsive
2766940,non_responsive,non_responsive,non_responsive,non_responsive
2768237,non_responsive,non_responsive,non_responsive,non_responsive
2768661,responsive,responsive,responsive,non_responsive
2769610,non_responsive,non_responsive,non_responsive,non_responsive
2770417,non_responsive,non_responsive,non_responsive,non_responsive
2770616,non_responsive,non_responsive,non_responsive,non_responsive
2777098,non_responsive,non_responsive,non_responsive,non_responsive
2778019,non_responsive,non_responsive,non_responsive,non_responsive
2779493,non_responsive,non_responsive,non_responsive,non_responsive
2780946,non_responsive,non_responsive,non_responsive,non_responsive
2782786,non_responsive,non_responsive,non_responsive,non_responsive
2788161,non_responsive,non_responsive,non_responsive,non_responsive
2788984,non_responsive,non_responsive,non_responsive,non_responsive
2792948,non_responsive,non_responsive,non_responsive,non_responsive
2795224,non_responsive,non_responsive,non_responsive,non_responsive
2795664,non_responsive,non_responsive,non_responsive,non_responsive
2797440,non_responsive,non_responsive,non_responsive,non_responsive
2797922,non_responsive,non_responsive,non_responsive,non_responsive
2799782,non_responsive,non_responsive,non_responsive,non_responsive
2804446,non_responsive,non_responsive,non_responsive,non_responsive
2805237,non_responsive,non_responsive,non_responsive,non_responsive
2808233,non_responsive,non_responsive,non_responsive,non_responsive
2809738,non_responsive,non_responsive,non_responsive,non_responsive
2811232,non_responsive,non_responsive,non_responsive,non_responsive
2811913,non_responsive,non_responsive,non_responsive,non_responsive
2812835,non_responsive,non_responsive,non_responsive,non_responsive
2813013,non_responsive,non_responsive,non_responsive,non_responsive
2813964,non_responsive,non_responsive,non_responsive,non_responsive
2814000,non_responsive,non_responsive,non_responsive,non_responsive
2814231,non_responsive,non_responsive,non_responsive,non_responsive
2815438,non_responsive,non_responsive,non_responsive,non_responsive
2817806,non_responsive,non_responsive,non_responsive,non_responsive
2818826,non_responsive,non_responsive,non_responsive,non_responsive
2819148,non_responsive,non_responsive,non_responsive,non_responsive
2822143,non_responsive,non_responsive,non_responsive,non_responsive
2822771,non_responsive,non_responsive,non_responsive,non_responsive
2823105,non_responsive,non_responsive,non_responsive,non_responsive
2827676,non_responsive,non_responsive,non_responsive,non_responsive
2827932,non_responsive,non_responsive,non_responsive,non_responsive
2829887,non_responsive,non_responsive,non_responsive,non_responsive
2829963,non_responsive,non_responsive,non_responsive,non_responsive
2832526,non_responsive,non_responsive,non_responsive,non_responsive
2833541,non_responsive,non_responsive,non_responsive,non_responsive
2834409,non_responsive,non_responsive,non_responsive,non_responsive
2835343,non_responsive,non_responsive,non_responsive,non_responsive
2836360,non_responsive,non_responsive,non_responsive,non_responsive
2836520,non_responsive,non_responsive,non_responsive,non_responsive
2837353,non_responsive,non_responsive,non_responsive,non_responsive
2838827,non_responsive,non_responsive,non_responsive,non_responsive
2839200,non_responsive,non_responsive,non_responsive,non_responsive
2841162,non_responsive,non_responsive,non_responsive,non_responsive
2841708,non_responsive,non_responsive,non_responsive,non_responsive
2842782,non_responsive,non_responsive,non_responsive,non_responsive
2843073,non_responsive,non_responsive,non_responsive,non_responsive
2843652,non_responsive,non_responsive,non_responsive,non_responsive
2844661,non_responsive,non_responsive,non_responsive,non_responsive
2845642,non_responsive,non_responsive,non_responsive,non_responsive
2845680,non_responsive,non_responsive,non_responsive,non_responsive
2846864,non_responsive,non_responsive,non_responsive,non_responsive
2846977,non_responsive,non_responsive,non_responsive,non_responsive
2848503,non_responsive,non_responsive,non_responsive,non_responsive
2850478,non_responsive,non_responsive,non_responsive,non_responsive
2851209,non_responsive,non_responsive,non_responsive,non_responsive
2851338,non_responsive,non_responsive,non_responsive,non_responsive
2852652,non_responsive,non_responsive,non_responsive,non_responsive
2854492,non_responsive,non_responsive,non_responsive,non_responsive
2855762,non_responsive,non_responsive,non_responsive,non_responsive
2856531,non_responsive,non_responsive,responsive,non_responsive
2856759,non_responsive,non_responsive,non_responsive,non_responsive
2857003,non_responsive,non_responsive,non_responsive,non_responsive
2857597,non_responsive,non_responsive,non_responsive,non_responsive
2857805,non_responsive,non_responsive,non_responsive,non_responsive
2858536,non_responsive,non_responsive,non_responsive,non_responsive
2858708,non_responsive,non_responsive,non_responsive,non_responsive
2858727,non_responsive,non_responsive,non_responsive,non_responsive
2858786,non_responsive,non_responsive,non_responsive,non_responsive
2859867,non_responsive,non_responsive,non_responsive,non_responsive
2860604,non_responsive,non_responsive,non_responsive,non_responsive
2862051,non_responsive,non_responsive,non_responsive,non_responsive
2862255,non_responsive,non_responsive,non_responsive,non_responsive
2862503,non_responsive,non_responsive,non_responsive,non_responsive
2863703,non_responsive,non_responsive,non_responsive,non_responsive
2864098,non_responsive,non_responsive,non_responsive,non_responsive
2865138,non_responsive,non_responsive,non_responsive,non_responsive
2865772,non_responsive,non_responsive,non_responsive,non_responsive
2866826,non_responsive,non_responsive,non_responsive,non_responsive
2870163,non_responsive,non_responsive,non_responsive,non_responsive
2871535,non_responsive,non_responsive,non_responsive,non_responsive
2871602,responsive,responsive,responsive,non_responsive
2871622,non_responsive,non_responsive,non_responsive,non_responsive
2873814,non_responsive,non_responsive,non_responsive,non_responsive
2875573,non_responsive,non_responsive,non_responsive,non_responsive
2881887,non_responsive,non_responsive,non_responsive,non_responsive
2883143,non_responsive,non_responsive,non_responsive,non_responsive
2883240,non_responsive,non_responsive,non_responsive,non_responsive
2884009,non_responsive,non_responsive,non_responsive,non_responsive
2884831,non_responsive,non_responsive,non_responsive,non_responsive
2885338,non_responsive,non_responsive,non_responsive,non_responsive
2885471,non_responsive,non_responsive,non_responsive,non_responsive
2886042,non_responsive,non_responsive,non_responsive,non_responsive
2886850,non_responsive,non_responsive,non_responsive,non_responsive
2887037,non_responsive,non_responsive,non_responsive,non_responsive
2888510,non_responsive,non_responsive,non_responsive,non_responsive
2888793,non_responsive,non_responsive,non_responsive,non_responsive
2889321,non_responsive,non_responsive,non_responsive,non_responsive
2890343,non_responsive,non_responsive,non_responsive,non_responsive
2890347,non_responsive,non_responsive,non_responsive,non_responsive
2891857,non_responsive,non_responsive,non_responsive,non_responsive
2892500,non_responsive,non_responsive,non_responsive,non_responsive
2893295,non_responsive,non_responsive,non_responsive,non_responsive
2894643,non_responsive,non_responsive,non_responsive,non_responsive
2894935,non_responsive,non_responsive,non_responsive,non_responsive
2895919,non_responsive,non_responsive,non_responsive,non_responsive
2896623,non_responsive,non_responsive,non_responsive,non_responsive
2897465,non_responsive,non_responsive,non_responsive,non_responsive
2897705,non_responsive,non_responsive,non_responsive,non_responsive
2898289,non_responsive,non_responsive,non_responsive,non_responsive
2899858,non_responsive,non_responsive,non_responsive,non_responsive
2900013,non_responsive,non_responsive,non_responsive,non_responsive
2901228,non_responsive,non_responsive,non_responsive,non_responsive
2902931,non_responsive,non_responsive,non_responsive,non_responsive
2904283,non_responsive,non_responsive,non_responsive,non_responsive
2904497,non_responsive,non_responsive,non_responsive,non_responsive
2907339,non_responsive,non_responsive,non_responsive,non_responsive
2907989,non_responsive,non_responsive,non_responsive,non_responsive
2911102,non_responsive,non_responsive,non_responsive,non_responsive
2911715,non_responsive,non_responsive,non_responsive,non_responsive
2912108,non_responsive,non_responsive,non_responsive,non_responsive
2913023,non_responsive,non_responsive,non_responsive,non_responsive
2913089,non_responsive,non_responsive,non_responsive,non_responsive
2913524,non_responsive,non_responsive,non_responsive,non_responsive
2913712,non_responsive,non_responsive,non_responsive,non_responsive
2913965,non_responsive,non_responsive,non_responsive,non_responsive
2914224,non_responsive,non_responsive,non_responsive,non_responsive
2915068,non_responsive,non_responsive,non_responsive,non_responsive
2916293,non_responsive,non_responsive,non_responsive,non_responsive
2916577,non_responsive,non_responsive,non_responsive,non_responsive
2916658,non_responsive,non_responsive,non_responsive,non_responsive
2917910,non_responsive,non_responsive,non_responsive,non_responsive
2918326,non_responsive,non_responsive,non_responsive,non_responsive
2918502,non_responsive,non_responsive,non_responsive,non_responsive
2918512,non_responsive,non_responsive,non_responsive,non_responsive
2918673,non_responsive,non_responsive,non_responsive,non_responsive
2919609,non_responsive,non_responsive,non_responsive,non_responsive
2919850,non_responsive,non_responsive,non_responsive,non_responsive
2920043,non_responsive,non_responsive,non_responsive,non_responsive
2920580,non_responsive,non_responsive,non_responsive,non_responsive
2920769,non_responsive,non_responsive,non_responsive,non_responsive
2920859,non_responsive,non_responsive,non_responsive,non_responsive
2954645,non_responsive,non_responsive,non_responsive,non_responsive
2954648,non_responsive,non_responsive,non_responsive,non_responsive
2955255,non_responsive,non_responsive,non_responsive,non_responsive
2956428,non_responsive,non_responsive,non_responsive,non_responsive
2956985,non_responsive,non_responsive,non_responsive,non_responsive
2959961,non_responsive,non_responsive,non_responsive,non_responsive
2963014,non_responsive,non_responsive,non_responsive,non_responsive
2965454,non_responsive,non_responsive,non_responsive,non_responsive
2967154,non_responsive,non_responsive,non_responsive,non_responsive
2968095,non_responsive,non_responsive,non_responsive,non_responsive
2971258,non_responsive,non_responsive,non_responsive,non_responsive
2974623,non_responsive,non_responsive,non_responsive,non_responsive
2976552,non_responsive,non_responsive,non_responsive,non_responsive
2980432,non_responsive,non_responsive,non_responsive,non_responsive
2980476,non_responsive,non_responsive,non_responsive,non_responsive
2980630,non_responsive,non_responsive,non_responsive,non_responsive
2981975,non_responsive,non_responsive,non_responsive,non_responsive
2983218,non_responsive,non_responsive,non_responsive,non_responsive
2988284,non_responsive,non_responsive,non_responsive,non_responsive
2989074,non_responsive,non_responsive,non_responsive,non_responsive
2990802,non_responsive,non_responsive,non_responsive,non_responsive
2994191,non_responsive,non_responsive,non_responsive,non_responsive
2997235,non_responsive,non_responsive,non_responsive,non_responsive
2997815,non_responsive,non_responsive,non_responsive,non_responsive
3002070,non_responsive,non_responsive,non_responsive,non_responsive
3003602,non_responsive,non_responsive,non_responsive,non_responsive
3006676,non_responsive,non_responsive,non_responsive,non_responsive
3006833,non_responsive,non_responsive,non_responsive,non_responsive
3007451,non_responsive,non_responsive,non_responsive,non_responsive
3009005,non_responsive,non_responsive,non_responsive,non_responsive
3012633,non_responsive,non_responsive,non_responsive,non_responsive
3012761,non_responsive,non_responsive,non_responsive,non_responsive
3013448,non_responsive,non_responsive,non_responsive,non_responsive
3014031,non_responsive,non_responsive,non_responsive,non_responsive
3014427,non_responsive,non_responsive,non_responsive,non_responsive
3014598,non_responsive,non_responsive,non_responsive,non_responsive
3014826,non_responsive,non_responsive,non_responsive,non_responsive
3015894,non_responsive,non_responsive,non_responsive,non_responsive
3016535,non_responsive,non_responsive,non_responsive,non_responsive
3016828,non_responsive,non_responsive,non_responsive,non_responsive
3016986,non_responsive,non_responsive,non_responsive,non_responsive
3018982,non_responsive,non_responsive,non_responsive,non_responsive
3019253,responsive,responsive,responsive,non_responsive
3020008,non_responsive,non_responsive,non_responsive,non_responsive
3020652,non_responsive,non_responsive,non_responsive,non_responsive
3021388,non_responsive,non_responsive,non_responsive,non_responsive
3021826,non_responsive,non_responsive,non_responsive,non_responsive
3022204,non_responsive,non_responsive,non_responsive,non_responsive
3023512,non_responsive,non_responsive,non_responsive,non_responsive
3029545,non_responsive,non_responsive,non_responsive,non_responsive
3030509,non_responsive,non_responsive,non_responsive,non_responsive
3030860,non_responsive,non_responsive,non_responsive,non_responsive
3033560,non_responsive,non_responsive,non_responsive,non_responsive
3035641,non_responsive,non_responsive,non_responsive,non_responsive
3036225,non_responsive,non_responsive,non_responsive,non_responsive
3036785,non_responsive,non_responsive,non_responsive,non_responsive
3037026,non_responsive,non_responsive,non_responsive,non_responsive
3044012,non_responsive,non_responsive,non_responsive,non_responsive
3045020,non_responsive,non_responsive,non_responsive,non_responsive
3046689,non_responsive,non_responsive,non_responsive,non_responsive
3048757,non_responsive,non_responsive,non_responsive,non_responsive
3049586,non_responsive,non_responsive,non_responsive,non_responsive
3051267,non_responsive,non_responsive,non_responsive,non_responsive
3051881,non_responsive,non_responsive,non_responsive,non_responsive
3054250,non_responsive,non_responsive,non_responsive,non_responsive
3055016,non_responsive,non_responsive,non_responsive,non_responsive
3059925,non_responsive,non_responsive,non_responsive,non_responsive
3061390,non_responsive,non_responsive,non_responsive,non_responsive
3063757,non_responsive,non_responsive,non_responsive,non_responsive
3063828,non_responsive,non_responsive,non_responsive,non_responsive
3063857,non_responsive,non_responsive,non_responsive,non_responsive
3063878,non_responsive,non_responsive,non_responsive,non_responsive
3063940,non_responsive,non_responsive,non_responsive,non_responsive
3064503,non_responsive,non_responsive,non_responsive,non_responsive
3064856,non_responsive,non_responsive,non_responsive,non_responsive
3067514,non_responsive,non_responsive,non_responsive,non_responsive
3067710,non_responsive,non_responsive,non_responsive,non_responsive
3067836,non_responsive,non_responsive,non_responsive,non_responsive
3075915,non_responsive,non_responsive,non_responsive,non_responsive
3076088,non_responsive,non_responsive,non_responsive,non_responsive
3076089,non_responsive,non_responsive,non_responsive,non_responsive
3076104,non_responsive,non_responsive,non_responsive,non_responsive
3143844,non_responsive,non_responsive,non_responsive,non_responsive
3143845,non_responsive,non_responsive,non_responsive,non_responsive
3143846,non_responsive,non_responsive,non_responsive,non_responsive
3143847,non_responsive,non_responsive,non_responsive,non_responsive
3231816,non_responsive,non_responsive,non_responsive,non_responsive
3231817,non_responsive,non_responsive,non_responsive,non_responsive
3231818,non_responsive,non_responsive,non_responsive,non_responsive
3231819,non_responsive,non_responsive,non_responsive,non_responsive
3231820,non_responsive,non_responsive,non_responsive,non_responsive
3231821,non_responsive,non_responsive,non_responsive,non_responsive
3231822,non_responsive,non_responsive,non_responsive,non_responsive
3231823,non_responsive,non_responsive,non_responsive,non_responsive
3231824,non_responsive,non_responsive,non_responsive,non_responsive
3231825,non_responsive,non_responsive,non_responsive,non_responsive
3231826,non_responsive,non_responsive,non_responsive,non_responsive
3231827,non_responsive,non_responsive,non_responsive,non_responsive
3231828,non_responsive,non_responsive,non_responsive,non_responsive
3231829,non_responsive,non_responsive,non_responsive,non_responsive
3231830,non_responsive,non_responsive,non_responsive,non_responsive
3231831,non_responsive,non_responsive,non_responsive,non_responsive
3231832,non_responsive,non_responsive,non_responsive,non_responsive
3231833,non_responsive,non_responsive,non_responsive,non_responsive
3231834,non_responsive,non_responsive,non_responsive,non_responsive
3231835,non_responsive,non_responsive,non_responsive,non_responsive
3231836,non_responsive,non_responsive,non_responsive,non_responsive
3231837,non_responsive,non_responsive,non_responsive,non_responsive
3231838,non_responsive,non_responsive,non_responsive,non_responsive
3231840,non_responsive,non_responsive,non_responsive,non_responsive
3231841,non_responsive,non_responsive,non_responsive,non_responsive
3231842,non_responsive,non_responsive,non_responsive,non_responsive
3231843,non_responsive,non_responsive,non_responsive,non_responsive
3231844,non_responsive,non_responsive,non_responsive,non_responsive
3231845,non_responsive,non_responsive,non_responsive,non_responsive
3231846,non_responsive,non_responsive,non_responsive,non_responsive
3231847,non_responsive,non_responsive,non_responsive,non_responsive
3231848,non_responsive,non_responsive,non_responsive,non_responsive
3231849,non_responsive,non_responsive,non_responsive,non_responsive
3231850,non_responsive,non_responsive,non_responsive,non_responsive
3231851,non_responsive,non_responsive,non_responsive,non_responsive
3231852,non_responsive,non_responsive,non_responsive,non_responsive
3231853,non_responsive,non_responsive,non_responsive,non_responsive
3231854,non_responsive,non_responsive,non_responsive,non_responsive
3231855,non_responsive,non_responsive,non_responsive,non_responsive
3231856,non_responsive,non_responsive,non_responsive,non_responsive
3231857,non_responsive,non_responsive,non_responsive,non_responsive
3231858,non_responsive,non_responsive,non_responsive,non_responsive
3231859,non_responsive,non_responsive,non_responsive,non_responsive
3231861,non_responsive,non_responsive,non_responsive,non_responsive
3231862,non_responsive,non_responsive,non_responsive,non_responsive
3231863,non_responsive,non_responsive,non_responsive,non_responsive
3231864,non_responsive,non_responsive,non_responsive,non_responsive
3231865,non_responsive,non_responsive,non_responsive,non_responsive
3231866,non_responsive,non_responsive,non_responsive,non_responsive
3231867,non_responsive,non_responsive,non_responsive,non_responsive
3231868,non_responsive,non_responsive,non_responsive,non_responsive
3231869,non_responsive,non_responsive,non_responsive,non_responsive
3231870,non_responsive,non_responsive,non_responsive,non_responsive
3231871,non_responsive,non_responsive,non_responsive,non_responsive
3231872,non_responsive,non_responsive,non_responsive,non_responsive
3231873,non_responsive,non_responsive,non_responsive,non_responsive
3231874,non_responsive,non_responsive,non_responsive,non_responsive
3231875,non_responsive,non_responsive,non_responsive,non_responsive
3231877,non_responsive,non_responsive,non_responsive,non_responsive
3231878,non_responsive,non_responsive,non_responsive,non_responsive
3231879,non_responsive,non_responsive,non_responsive,non_responsive
3231880,non_responsive,non_responsive,non_responsive,non_responsive
3231881,non_responsive,non_responsive,non_responsive,non_responsive
3231882,non_responsive,non_responsive,non_responsive,non_responsive
3231883,non_responsive,non_responsive,non_responsive,non_responsive
3231884,non_responsive,non_responsive,non_responsive,non_responsive
3231885,non_responsive,non_responsive,non_responsive,non_responsive
3231886,non_responsive,non_responsive,non_responsive,non_responsive
3231887,non_responsive,non_responsive,non_responsive,non_responsive
3231888,non_responsive,non_responsive,non_responsive,non_responsive
3231889,non_responsive,non_responsive,non_responsive,non_responsive
3231890,non_responsive,non_responsive,non_responsive,non_responsive
3231891,non_responsive,non_responsive,non_responsive,non_responsive
3231893,non_responsive,non_responsive,non_responsive,non_responsive
3231894,non_responsive,non_responsive,non_responsive,non_responsive
3231895,non_responsive,non_responsive,non_responsive,non_responsive
3231896,non_responsive,non_responsive,responsive,non_responsive
3231897,non_responsive,non_responsive,non_responsive,non_responsive
3231898,non_responsive,non_responsive,non_responsive,non_responsive
3231899,non_responsive,non_responsive,non_responsive,non_responsive
3231900,non_responsive,non_responsive,non_responsive,non_responsive
3231902,non_responsive,non_responsive,non_responsive,non_responsive
3231903,non_responsive,non_responsive,non_responsive,non_responsive
3231904,non_responsive,non_responsive,non_responsive,non_responsive
3231905,non_responsive,non_responsive,non_responsive,non_responsive
3231906,non_responsive,non_responsive,non_responsive,non_responsive
3231908,non_responsive,non_responsive,non_responsive,non_responsive
3231909,non_responsive,non_responsive,non_responsive,non_responsive
3231911,non_responsive,non_responsive,non_responsive,non_responsive
3231912,non_responsive,non_responsive,non_responsive,non_responsive
3231913,non_responsive,non_responsive,non_responsive,non_responsive
3231916,non_responsive,non_responsive,non_responsive,non_responsive
3231917,non_responsive,non_responsive,non_responsive,non_responsive
3231918,non_responsive,non_responsive,non_responsive,non_responsive
3231919,non_responsive,non_responsive,non_responsive,non_responsive
3231921,non_responsive,non_responsive,non_responsive,non_responsive
3231922,non_responsive,non_responsive,non_responsive,non_responsive
3231923,non_responsive,non_responsive,non_responsive,non_responsive
3231924,non_responsive,non_responsive,non_responsive,non_responsive
3231925,non_responsive,non_responsive,non_responsive,non_responsive
3231926,non_responsive,non_responsive,non_responsive,non_responsive
3231927,non_responsive,non_responsive,non_responsive,non_responsive
3231929,non_responsive,non_responsive,non_responsive,non_responsive
3231930,non_responsive,non_responsive,non_responsive,non_responsive
3231931,non_responsive,non_responsive,non_responsive,non_responsive
3231932,non_responsive,non_responsive,non_responsive,non_responsive
3231933,non_responsive,non_responsive,non_responsive,non_responsive
3231934,non_responsive,non_responsive,non_responsive,non_responsive
3231935,non_responsive,non_responsive,non_responsive,non_responsive
3231936,non_responsive,non_responsive,non_responsive,non_responsive
3231938,non_responsive,non_responsive,non_responsive,non_responsive
3231939,non_responsive,non_responsive,non_responsive,non_responsive
3231940,non_responsive,non_responsive,responsive,non_responsive
3233530,non_responsive,non_responsive,non_responsive,non_responsive
3233532,non_responsive,non_responsive,non_responsive,non_responsive
3233533,non_responsive,non_responsive,non_responsive,non_responsive
3233549,non_responsive,non_responsive,non_responsive,non_responsive
3233738,non_responsive,non_responsive,non_responsive,non_responsive
3233783,non_responsive,non_responsive,non_responsive,non_responsive
3233875,non_responsive,non_responsive,non_responsive,non_responsive
3233876,non_responsive,non_responsive,non_responsive,non_responsive
3233913,non_responsive,non_responsive,non_responsive,non_responsive
3233963,non_responsive,non_responsive,non_responsive,non_responsive
3235016,non_responsive,non_responsive,non_responsive,non_responsive
3241138,non_responsive,non_responsive,non_responsive,non_responsive
3241139,non_responsive,non_responsive,non_responsive,non_responsive
3241140,non_responsive,non_responsive,non_responsive,non_responsive
3241141,non_responsive,non_responsive,non_responsive,non_responsive
3241142,non_responsive,non_responsive,non_responsive,non_responsive
3241143,non_responsive,non_responsive,non_responsive,non_responsive
3241144,non_responsive,non_responsive,non_responsive,non_responsive
3241145,non_responsive,non_responsive,non_responsive,non_responsive
3241146,non_responsive,non_responsive,non_responsive,non_responsive
3242024,non_responsive,non_responsive,non_responsive,non_responsive
3251256,non_responsive,non_responsive,non_responsive,non_responsive
3251356,non_responsive,non_responsive,non_responsive,non_responsive
3251382,non_responsive,non_responsive,non_responsive,non_responsive
3251539,non_responsive,non_responsive,non_responsive,non_responsive
3251635,non_responsive,non_responsive,non_responsive,non_responsive
3251678,non_responsive,non_responsive,non_responsive,non_responsive
3251828,non_responsive,non_responsive,non_responsive,non_responsive
3251857,non_responsive,non_responsive,non_responsive,non_responsive
3251984,non_responsive,non_responsive,non_responsive,non_responsive
3266621,non_responsive,non_responsive,non_responsive,non_responsive
3266623,non_responsive,non_responsive,non_responsive,non_responsive
3266624,non_responsive,non_responsive,non_responsive,non_responsive
3266626,non_responsive,non_responsive,non_responsive,non_responsive
3266627,non_responsive,non_responsive,non_responsive,non_responsive
3266628,non_responsive,non_responsive,non_responsive,non_responsive
3266629,non_responsive,non_responsive,non_responsive,non_responsive
3266630,non_responsive,non_responsive,non_responsive,non_responsive
3266631,non_responsive,non_responsive,non_responsive,non_responsive
3266632,non_responsive,non_responsive,non_responsive,non_responsive
3266634,non_responsive,non_responsive,non_responsive,non_responsive
3266635,non_responsive,non_responsive,non_responsive,non_responsive
3266636,non_responsive,non_responsive,non_responsive,non_responsive
3266638,non_responsive,non_responsive,non_responsive,non_responsive
3266639,non_responsive,non_responsive,non_responsive,non_responsive
3266640,non_responsive,non_responsive,non_responsive,non_responsive
3266642,non_responsive,non_responsive,non_responsive,non_responsive
3266643,non_responsive,non_responsive,non_responsive,non_responsive
3266644,non_responsive,non_responsive,non_responsive,non_responsive
3266645,non_responsive,non_responsive,non_responsive,non_responsive
3266646,non_responsive,non_responsive,non_responsive,non_responsive
3266647,non_responsive,non_responsive,non_responsive,non_responsive
3266648,non_responsive,non_responsive,non_responsive,non_responsive
3266649,non_responsive,non_responsive,non_responsive,non_responsive
3266650,non_responsive,non_responsive,non_responsive,non_responsive
3266652,non_responsive,non_responsive,non_responsive,non_responsive
3266653,non_responsive,non_responsive,non_responsive,non_responsive
3266654,non_responsive,non_responsive,non_responsive,non_responsive
3266655,non_responsive,non_responsive,non_responsive,non_responsive
3266656,non_responsive,non_responsive,non_responsive,non_responsive
3266657,non_responsive,non_responsive,non_responsive,non_responsive
3266659,non_responsive,non_responsive,non_responsive,non_responsive
3266660,non_responsive,non_responsive,non_responsive,non_responsive
3266661,non_responsive,non_responsive,non_responsive,non_responsive
3266662,non_responsive,non_responsive,non_responsive,non_responsive
3266663,non_responsive,non_responsive,non_responsive,non_responsive
3266664,non_responsive,non_responsive,non_responsive,non_responsive
3266665,non_responsive,non_responsive,non_responsive,non_responsive
3266666,non_responsive,non_responsive,non_responsive,non_responsive
3266667,non_responsive,non_responsive,non_responsive,non_responsive
3266668,non_responsive,non_responsive,non_responsive,non_responsive
3266670,non_responsive,non_responsive,non_responsive,non_responsive
3266671,non_responsive,non_responsive,non_responsive,non_responsive
3266672,non_responsive,non_responsive,non_responsive,non_responsive
3266673,non_responsive,non_responsive,non_responsive,non_responsive
3266674,non_responsive,non_responsive,non_responsive,non_responsive
3266675,non_responsive,non_responsive,non_responsive,non_responsive
3266676,non_responsive,non_responsive,non_responsive,non_responsive
3266677,non_responsive,non_responsive,non_responsive,non_responsive
3266678,non_responsive,non_responsive,non_responsive,non_responsive
3266679,non_responsive,non_responsive,non_responsive,non_responsive
3266681,non_responsive,non_responsive,non_responsive,non_responsive
3266682,non_responsive,non_responsive,non_responsive,non_responsive
3266683,non_responsive,non_responsive,non_responsive,non_responsive
3266684,non_responsive,non_responsive,non_responsive,non_responsive
3266685,non_responsive,non_responsive,non_responsive,non_responsive
3266686,non_responsive,non_responsive,non_responsive,non_responsive
3266687,non_responsive,non_responsive,non_responsive,non_responsive
3266688,non_responsive,non_responsive,non_responsive,non_responsive
3266689,non_responsive,non_responsive,non_responsive,non_responsive
3266691,non_responsive,non_responsive,non_responsive,non_responsive
3266692,non_responsive,non_responsive,non_responsive,non_responsive
3266693,non_responsive,non_responsive,non_responsive,non_responsive
3266694,non_responsive,non_responsive,non_responsive,non_responsive
3266695,non_responsive,non_responsive,non_responsive,non_responsive
3266696,non_responsive,non_responsive,non_responsive,non_responsive
3266697,non_responsive,non_responsive,non_responsive,non_responsive
3266698,non_responsive,non_responsive,non_responsive,non_responsive
3266700,non_responsive,non_responsive,non_responsive,non_responsive
3266701,non_responsive,non_responsive,non_responsive,non_responsive
3266702,non_responsive,non_responsive,non_responsive,non_responsive
3266703,non_responsive,non_responsive,non_responsive,non_responsive
3266704,non_responsive,non_responsive,non_responsive,non_responsive
3336145,non_responsive,non_responsive,non_responsive,non_responsive
3336162,non_responsive,non_responsive,responsive,non_responsive
3336210,non_responsive,non_responsive,non_responsive,non_responsive
3336227,non_responsive,non_responsive,non_responsive,non_responsive
3336349,non_responsive,non_responsive,non_responsive,non_responsive
3336374,non_responsive,non_responsive,non_responsive,non_responsive
3336390,non_responsive,non_responsive,non_responsive,non_responsive
3336499,non_responsive,non_responsive,non_responsive,non_responsive
3336531,non_responsive,non_responsive,non_responsive,non_responsive
3336547,non_responsive,non_responsive,non_responsive,non_responsive
3336633,non_responsive,non_responsive,non_responsive,non_responsive
3336634,non_responsive,non_responsive,non_responsive,non_responsive
3336635,non_responsive,non_responsive,non_responsive,non_responsive
3336636,non_responsive,non_responsive,non_responsive,non_responsive
3336637,non_responsive,non_responsive,non_responsive,non_responsive
3336638,non_responsive,non_responsive,non_responsive,non_responsive
3336639,non_responsive,non_responsive,non_responsive,non_responsive
3336652,non_responsive,non_responsive,non_responsive,non_responsive
3336653,non_responsive,non_responsive,non_responsive,non_responsive
3336654,non_responsive,non_responsive,non_responsive,non_responsive
3336655,non_responsive,non_responsive,non_responsive,non_responsive
3336656,non_responsive,non_responsive,non_responsive,non_responsive
3336657,non_responsive,non_responsive,non_responsive,non_responsive
3337013,non_responsive,non_responsive,non_responsive,non_responsive
3337030,non_responsive,non_responsive,non_responsive,non_responsive
3339105,non_responsive,non_responsive,non_responsive,non_responsive
3339271,non_responsive,non_responsive,non_responsive,non_responsive
3339392,non_responsive,non_responsive,non_responsive,non_responsive
3339495,non_responsive,non_responsive,non_responsive,non_responsive
3339496,non_responsive,non_responsive,non_responsive,non_responsive
3339497,non_responsive,non_responsive,non_responsive,non_responsive
3339570,non_responsive,non_responsive,non_responsive,non_responsive
3339743,non_responsive,non_responsive,non_responsive,non_responsive
3341327,non_responsive,non_responsive,non_responsive,non_responsive
3344112,non_responsive,non_responsive,non_responsive,non_responsive
3344127,non_responsive,non_responsive,non_responsive,non_responsive
3344613,non_responsive,non_responsive,non_responsive,non_responsive
3346424,non_responsive,non_responsive,non_responsive,non_responsive
3347241,non_responsive,non_responsive,non_responsive,non_responsive
3347621,non_responsive,non_responsive,non_responsive,non_responsive
3348011,non_responsive,non_responsive,non_responsive,non_responsive
3350895,non_responsive,non_responsive,non_responsive,non_responsive
3353780,non_responsive,non_responsive,non_responsive,non_responsive
3356149,non_responsive,non_responsive,non_responsive,non_responsive
3356304,non_responsive,non_responsive,non_responsive,non_responsive
3366417,non_responsive,non_responsive,non_responsive,non_responsive
3366607,non_responsive,non_responsive,non_responsive,non_responsive
3366738,non_responsive,non_responsive,non_responsive,non_responsive
3366755,non_responsive,non_responsive,non_responsive,non_responsive
3366763,non_responsive,non_responsive,non_responsive,non_responsive
3373313,non_responsive,non_responsive,non_responsive,non_responsive
3374779,non_responsive,non_responsive,non_responsive,non_responsive
3374877,non_responsive,non_responsive,non_responsive,non_responsive
3375097,non_responsive,non_responsive,non_responsive,non_responsive
3375146,non_responsive,non_responsive,non_responsive,non_responsive
3375409,non_responsive,non_responsive,non_responsive,non_responsive
3381026,non_responsive,non_responsive,responsive,non_responsive
3381027,non_responsive,non_responsive,responsive,non_responsive
3381848,non_responsive,non_responsive,non_responsive,non_responsive
3382839,non_responsive,non_responsive,non_responsive,non_responsive
3383012,non_responsive,non_responsive,non_responsive,non_responsive
3383043,non_responsive,non_responsive,responsive,non_responsive
3384693,non_responsive,non_responsive,non_responsive,non_responsive
3384894,non_responsive,non_responsive,non_responsive,non_responsive
3384946,non_responsive,non_responsive,non_responsive,non_responsive
3385173,non_responsive,non_responsive,non_responsive,non_responsive
3385204,non_responsive,non_responsive,responsive,non_responsive
3385209,non_responsive,non_responsive,non_responsive,non_responsive
3385381,non_responsive,non_responsive,non_responsive,non_responsive
3390562,non_responsive,non_responsive,non_responsive,non_responsive
3391039,non_responsive,non_responsive,non_responsive,non_responsive
3391202,non_responsive,non_responsive,responsive,non_responsive
3491588,non_responsive,non_responsive,non_responsive,non_responsive
3491590,non_responsive,non_responsive,non_responsive,non_responsive
3491591,non_responsive,non_responsive,non_responsive,non_responsive
3491593,non_responsive,non_responsive,non_responsive,non_responsive
3491594,non_responsive,non_responsive,responsive,non_responsive
3491595,non_responsive,non_responsive,non_responsive,non_responsive
3491596,non_responsive,non_responsive,non_responsive,non_responsive
3491598,non_responsive,non_responsive,non_responsive,non_responsive
3491599,non_responsive,non_responsive,non_responsive,non_responsive
3491600,non_responsive,non_responsive,non_responsive,non_responsive
3491601,non_responsive,non_responsive,non_responsive,non_responsive
3491602,non_responsive,non_responsive,non_responsive,non_responsive
3491604,non_responsive,non_responsive,non_responsive,non_responsive
3491605,non_responsive,non_responsive,non_responsive,non_responsive
3491606,non_responsive,non_responsive,non_responsive,non_responsive
3491607,non_responsive,non_responsive,non_responsive,non_responsive
3491608,non_responsive,non_responsive,non_responsive,non_responsive
3491609,non_responsive,non_responsive,non_responsive,non_responsive
3491610,non_responsive,non_responsive,non_responsive,non_responsive
3491611,non_responsive,non_responsive,non_responsive,non_responsive
3491612,non_responsive,non_responsive,non_responsive,non_responsive
3491613,non_responsive,non_responsive,non_responsive,non_responsive
3491614,non_responsive,non_responsive,non_responsive,non_responsive
3491615,non_responsive,non_responsive,non_responsive,non_responsive
3491616,non_responsive,non_responsive,non_responsive,non_responsive
3491617,non_responsive,non_responsive,non_responsive,non_responsive
3491619,non_responsive,non_responsive,non_responsive,non_responsive
3491620,non_responsive,non_responsive,non_responsive,non_responsive
3491621,non_responsive,non_responsive,non_responsive,non_responsive
3491622,non_responsive,non_responsive,non_responsive,non_responsive
3491623,non_responsive,non_responsive,non_responsive,non_responsive
3491624,non_responsive,non_responsive,non_responsive,non_responsive
3491625,non_responsive,non_responsive,non_responsive,non_responsive
3491626,non_responsive,non_responsive,non_responsive,non_responsive
3491627,non_responsive,non_responsive,non_responsive,non_responsive
3491628,non_responsive,non_responsive,non_responsive,non_responsive
3491629,non_responsive,non_responsive,non_responsive,non_responsive
3491630,non_responsive,non_responsive,non_responsive,non_responsive
3491631,non_responsive,non_responsive,non_responsive,non_responsive
3491633,non_responsive,non_responsive,non_responsive,non_responsive
3491634,non_responsive,non_responsive,non_responsive,non_responsive
3491635,non_responsive,non_responsive,non_responsive,non_responsive
3491636,non_responsive,non_responsive,non_responsive,non_responsive
3491637,non_responsive,non_responsive,non_responsive,non_responsive
3491638,non_responsive,non_responsive,non_responsive,non_responsive
3491639,non_responsive,non_responsive,non_responsive,non_responsive
3491640,non_responsive,non_responsive,non_responsive,non_responsive
3491641,non_responsive,non_responsive,non_responsive,non_responsive
3491643,non_responsive,non_responsive,non_responsive,non_responsive
3491644,non_responsive,non_responsive,non_responsive,non_responsive
3491645,non_responsive,non_responsive,non_responsive,non_responsive
3491646,non_responsive,non_responsive,non_responsive,non_responsive
3491647,non_responsive,non_responsive,non_responsive,non_responsive
3491648,non_responsive,non_responsive,non_responsive,non_responsive
3491649,non_responsive,non_responsive,non_responsive,non_responsive
3491650,non_responsive,non_responsive,non_responsive,non_responsive
3491651,non_responsive,non_responsive,non_responsive,non_responsive
3491652,non_responsive,non_responsive,non_responsive,non_responsive
3491653,non_responsive,non_responsive,non_responsive,non_responsive
3491654,non_responsive,non_responsive,non_responsive,non_responsive
3491655,non_responsive,non_responsive,non_responsive,non_responsive
3491656,non_responsive,non_responsive,non_responsive,non_responsive
3491657,non_responsive,non_responsive,non_responsive,non_responsive
3491658,non_responsive,non_responsive,non_responsive,non_responsive
3491660,non_responsive,non_responsive,non_responsive,non_responsive
3491661,non_responsive,non_responsive,non_responsive,non_responsive
3491662,non_responsive,non_responsive,non_responsive,non_responsive
3491663,non_responsive,non_responsive,non_responsive,non_responsive
3491664,non_responsive,non_responsive,non_responsive,non_responsive
3491665,non_responsive,non_responsive,non_responsive,non_responsive
3491666,non_responsive,non_responsive,non_responsive,non_responsive
3491668,non_responsive,non_responsive,non_responsive,non_responsive
3491669,non_responsive,non_responsive,non_responsive,non_responsive
3491670,non_responsive,non_responsive,non_responsive,non_responsive
3491671,non_responsive,non_responsive,non_responsive,non_responsive
3491672,non_responsive,non_responsive,non_responsive,non_responsive
3491673,non_responsive,non_responsive,non_responsive,non_responsive
3491674,non_responsive,non_responsive,non_responsive,non_responsive
3491675,non_responsive,non_responsive,non_responsive,non_responsive
3491676,non_responsive,non_responsive,non_responsive,non_responsive
3491677,non_responsive,non_responsive,non_responsive,non_responsive
3491678,non_responsive,non_responsive,non_responsive,non_responsive
3491679,non_responsive,non_responsive,non_responsive,non_responsive
3491680,non_responsive,non_responsive,non_responsive,non_responsive
3491681,non_responsive,non_responsive,non_responsive,non_responsive
3491682,non_responsive,non_responsive,non_responsive,non_responsive
3491683,non_responsive,non_responsive,non_responsive,non_responsive
3491684,non_responsive,non_responsive,non_responsive,non_responsive
3491686,non_responsive,non_responsive,non_responsive,non_responsive
3491687,non_responsive,non_responsive,non_responsive,non_responsive
3491688,non_responsive,non_responsive,non_responsive,non_responsive
3491689,non_responsive,non_responsive,non_responsive,non_responsive
3491690,non_responsive,non_responsive,non_responsive,non_responsive
3491691,non_responsive,non_responsive,non_responsive,non_responsive
3491692,non_responsive,non_responsive,non_responsive,non_responsive
3491694,non_responsive,non_responsive,non_responsive,non_responsive
3491695,non_responsive,non_responsive,non_responsive,non_responsive
3491696,non_responsive,non_responsive,non_responsive,non_responsive
3491697,non_responsive,non_responsive,non_responsive,non_responsive
3491698,non_responsive,non_responsive,non_responsive,non_responsive
3491699,non_responsive,non_responsive,non_responsive,non_responsive
3491700,non_responsive,non_responsive,non_responsive,non_responsive
3491701,non_responsive,non_responsive,non_responsive,non_responsive
3491702,non_responsive,non_responsive,non_responsive,non_responsive
3491703,non_responsive,non_responsive,non_responsive,non_responsive
3491705,non_responsive,non_responsive,non_responsive,non_responsive
3491706,non_responsive,non_responsive,non_responsive,non_responsive
3491707,non_responsive,non_responsive,non_responsive,non_responsive
3491708,non_responsive,non_responsive,non_responsive,non_responsive
3491709,non_responsive,non_responsive,non_responsive,non_responsive
3491710,non_responsive,non_responsive,non_responsive,non_responsive
3491711,non_responsive,non_responsive,non_responsive,non_responsive
3491712,non_responsive,non_responsive,non_responsive,non_responsive
3491713,non_responsive,non_responsive,non_responsive,non_responsive
3491715,non_responsive,non_responsive,non_responsive,non_responsive
3491716,non_responsive,non_responsive,non_responsive,non_responsive
3572099,non_responsive,non_responsive,non_responsive,non_responsive
3572100,non_responsive,non_responsive,non_responsive,non_responsive
3572101,non_responsive,non_responsive,non_responsive,non_responsive
3572906,non_responsive,non_responsive,non_responsive,non_responsive
3594267,non_responsive,non_responsive,non_responsive,non_responsive
3594268,responsive,responsive,responsive,responsive
3594271,non_responsive,non_responsive,non_responsive,non_responsive
3594272,non_responsive,non_responsive,non_responsive,non_responsive
3594275,non_responsive,non_responsive,non_responsive,non_responsive
3594277,non_responsive,non_responsive,non_responsive,non_responsive
3594278,non_responsive,non_responsive,non_responsive,non_responsive
3594279,non_responsive,non_responsive,non_responsive,non_responsive
3594281,non_responsive,non_responsive,non_responsive,non_responsive
3594282,non_responsive,non_responsive,non_responsive,non_responsive
3594285,non_responsive,non_responsive,non_responsive,non_responsive
3594287,non_responsive,non_responsive,non_responsive,non_responsive
3594290,non_responsive,non_responsive,non_responsive,non_responsive
3607269,non_responsive,non_responsive,non_responsive,non_responsive
3610358,non_responsive,non_responsive,non_responsive,non_responsive
3613669,non_responsive,non_responsive,non_responsive,non_responsive
3615459,non_responsive,non_responsive,non_responsive,non_responsive
3620982,non_responsive,non_responsive,non_responsive,non_responsive
3623608,non_responsive,non_responsive,non_responsive,non_responsive
3624707,non_responsive,non_responsive,non_responsive,non_responsive
3624735,non_responsive,non_responsive,non_responsive,non_responsive
3625842,non_responsive,non_responsive,non_responsive,non_responsive
3625850,non_responsive,non_responsive,non_responsive,non_responsive
3625972,non_responsive,non_responsive,non_responsive,non_responsive
3626092,non_responsive,non_responsive,non_responsive,non_responsive
3626380,non_responsive,non_responsive,non_responsive,non_responsive
3627994,non_responsive,non_responsive,non_responsive,non_responsive
3628060,non_responsive,non_responsive,non_responsive,non_responsive
3628587,non_responsive,non_responsive,non_responsive,non_responsive
3628846,non_responsive,non_responsive,non_responsive,non_responsive
3629593,non_responsive,non_responsive,non_responsive,non_responsive
3629613,non_responsive,non_responsive,non_responsive,non_responsive
3629912,non_responsive,non_responsive,non_responsive,non_responsive
3629921,non_responsive,non_responsive,non_responsive,non_responsive
3629956,non_responsive,non_responsive,non_responsive,non_responsive
3630152,non_responsive,non_responsive,non_responsive,non_responsive
3630830,non_responsive,non_responsive,non_responsive,non_responsive
3632174,non_responsive,non_responsive,non_responsive,non_responsive
3632647,non_responsive,non_responsive,non_responsive,non_responsive
3633058,non_responsive,non_responsive,non_responsive,non_responsive
3633989,non_responsive,non_responsive,non_responsive,non_responsive
3634131,non_responsive,non_responsive,non_responsive,non_responsive
3636292,non_responsive,non_responsive,non_responsive,non_responsive
3638713,non_responsive,non_responsive,non_responsive,non_responsive
3639122,non_responsive,non_responsive,non_responsive,non_responsive
3641170,non_responsive,non_responsive,non_responsive,non_responsive
3642773,non_responsive,non_responsive,non_responsive,non_responsive
3644388,non_responsive,non_responsive,non_responsive,non_responsive
3648762,non_responsive,non_responsive,non_responsive,non_responsive
3649389,non_responsive,non_responsive,non_responsive,non_responsive
3650521,non_responsive,non_responsive,non_responsive,non_responsive
3651834,non_responsive,non_responsive,non_responsive,non_responsive
3656020,non_responsive,non_responsive,non_responsive,non_responsive
3656070,non_responsive,non_responsive,non_responsive,non_responsive
3656924,non_responsive,non_responsive,non_responsive,non_responsive
3657166,non_responsive,non_responsive,non_responsive,non_responsive
3657591,non_responsive,non_responsive,non_responsive,non_responsive
3657857,non_responsive,non_responsive,non_responsive,non_responsive
3658962,non_responsive,non_responsive,non_responsive,non_responsive
3659414,non_responsive,non_responsive,non_responsive,non_responsive
3671947,non_responsive,non_responsive,non_responsive,non_responsive
3673254,non_responsive,non_responsive,non_responsive,non_responsive
3673853,non_responsive,non_responsive,non_responsive,non_responsive
3678121,non_responsive,non_responsive,non_responsive,non_responsive
3689465,non_responsive,non_responsive,non_responsive,non_responsive
3690037,non_responsive,non_responsive,non_responsive,non_responsive
3703264,non_responsive,non_responsive,non_responsive,non_responsive
3704919,non_responsive,non_responsive,non_responsive,non_responsive
3706687,non_responsive,non_responsive,non_responsive,non_responsive
3707677,non_responsive,non_responsive,non_responsive,non_responsive
3708054,non_responsive,non_responsive,non_responsive,non_responsive
3708801,non_responsive,non_responsive,non_responsive,non_responsive
3709525,non_responsive,non_responsive,non_responsive,non_responsive
3709895,non_responsive,non_responsive,non_responsive,non_responsive
3712792,non_responsive,non_responsive,non_responsive,non_responsive
3716838,non_responsive,non_responsive,non_responsive,non_responsive
3717849,non_responsive,non_responsive,non_responsive,non_responsive
3719594,non_responsive,non_responsive,non_responsive,non_responsive
3720768,non_responsive,non_responsive,non_responsive,non_responsive
3720770,non_responsive,non_responsive,non_responsive,non_responsive
3720772,non_responsive,non_responsive,non_responsive,non_responsive
3726416,non_responsive,non_responsive,non_responsive,non_responsive
3728016,non_responsive,non_responsive,non_responsive,non_responsive
3729942,non_responsive,non_responsive,non_responsive,non_responsive
3765543,non_responsive,non_responsive,non_responsive,non_responsive
3766531,non_responsive,non_responsive,non_responsive,non_responsive
3766605,non_responsive,non_responsive,non_responsive,non_responsive
3766694,non_responsive,non_responsive,non_responsive,non_responsive
3766858,non_responsive,non_responsive,non_responsive,non_responsive
3766871,non_responsive,non_responsive,non_responsive,non_responsive
3766979,non_responsive,non_responsive,non_responsive,non_responsive
3767031,non_responsive,non_responsive,non_responsive,non_responsive
3767048,non_responsive,non_responsive,non_responsive,non_responsive
3768382,non_responsive,non_responsive,non_responsive,non_responsive
3768654,non_responsive,non_responsive,non_responsive,non_responsive
3768913,non_responsive,non_responsive,non_responsive,non_responsive
3769009,non_responsive,non_responsive,non_responsive,non_responsive
3769188,non_responsive,non_responsive,non_responsive,non_responsive
3769294,non_responsive,non_responsive,non_responsive,non_responsive
3769302,non_responsive,non_responsive,non_responsive,non_responsive
3769368,non_responsive,non_responsive,non_responsive,non_responsive
3769502,non_responsive,non_responsive,non_responsive,non_responsive
3769536,non_responsive,non_responsive,non_responsive,non_responsive
3771871,non_responsive,non_responsive,non_responsive,non_responsive
3775693,non_responsive,non_responsive,non_responsive,non_responsive
3778316,non_responsive,non_responsive,non_responsive,non_responsive
3779063,non_responsive,non_responsive,non_responsive,non_responsive
3832535,non_responsive,non_responsive,non_responsive,non_responsive
3832537,non_responsive,non_responsive,non_responsive,non_responsive
3832539,non_responsive,non_responsive,non_responsive,non_responsive
3832540,non_responsive,non_responsive,non_responsive,non_responsive
3832541,non_responsive,non_responsive,non_responsive,non_responsive
3832542,non_responsive,non_responsive,non_responsive,non_responsive
3832543,non_responsive,non_responsive,non_responsive,non_responsive
3832544,non_responsive,non_responsive,non_responsive,non_responsive
3832545,non_responsive,non_responsive,non_responsive,non_responsive
3832546,non_responsive,non_responsive,non_responsive,non_responsive
3832547,non_responsive,non_responsive,non_responsive,non_responsive
3832548,non_responsive,non_responsive,non_responsive,non_responsive
3832549,non_responsive,non_responsive,non_responsive,non_responsive
3832550,non_responsive,non_responsive,non_responsive,non_responsive
3832551,non_responsive,non_responsive,non_responsive,non_responsive
3832552,non_responsive,non_responsive,non_responsive,non_responsive
3832553,non_responsive,non_responsive,non_responsive,non_responsive
3832554,non_responsive,non_responsive,non_responsive,non_responsive
3832555,non_responsive,non_responsive,non_responsive,non_responsive
3832556,non_responsive,non_responsive,non_responsive,non_responsive
3832558,non_responsive,non_responsive,non_responsive,non_responsive
3832559,non_responsive,non_responsive,non_responsive,non_responsive
3832560,non_responsive,non_responsive,non_responsive,non_responsive
3832561,non_responsive,non_responsive,non_responsive,non_responsive
3832562,non_responsive,non_responsive,non_responsive,non_responsive
3832563,non_responsive,non_responsive,non_responsive,non_responsive
3832564,non_responsive,non_responsive,non_responsive,non_responsive
3832565,non_responsive,non_responsive,non_responsive,non_responsive
3832566,non_responsive,non_responsive,non_responsive,non_responsive
3832567,non_responsive,non_responsive,non_responsive,non_responsive
3832568,non_responsive,non_responsive,non_responsive,non_responsive
3832569,non_responsive,non_responsive,non_responsive,non_responsive
3832570,non_responsive,non_responsive,non_responsive,non_responsive
3832571,non_responsive,non_responsive,non_responsive,non_responsive
3832572,non_responsive,non_responsive,non_responsive,non_responsive
3832573,non_responsive,non_responsive,non_responsive,non_responsive
3832574,non_responsive,non_responsive,non_responsive,non_responsive
3832575,non_responsive,non_responsive,non_responsive,non_responsive
3832576,non_responsive,non_responsive,non_responsive,non_responsive
3832577,non_responsive,non_responsive,non_responsive,non_responsive
3832578,non_responsive,non_responsive,non_responsive,non_responsive
3832579,non_responsive,non_responsive,non_responsive,non_responsive
3832580,non_responsive,non_responsive,non_responsive,non_responsive
3832581,non_responsive,non_responsive,non_responsive,non_responsive
3832582,non_responsive,non_responsive,non_responsive,non_responsive
3832583,non_responsive,non_responsive,non_responsive,non_responsive
3832584,non_responsive,non_responsive,non_responsive,non_responsive
3832587,non_responsive,non_responsive,non_responsive,non_responsive
3832588,non_responsive,non_responsive,non_responsive,non_responsive
3832589,non_responsive,non_responsive,non_responsive,non_responsive
3832590,non_responsive,non_responsive,non_responsive,non_responsive
3832591,non_responsive,non_responsive,non_responsive,non_responsive
3832592,non_responsive,non_responsive,non_responsive,non_responsive
3832594,non_responsive,non_responsive,non_responsive,non_responsive
3832595,non_responsive,non_responsive,non_responsive,non_responsive
3832596,non_responsive,non_responsive,non_responsive,non_responsive
3832597,non_responsive,non_responsive,non_responsive,non_responsive
3832598,non_responsive,non_responsive,non_responsive,non_responsive
3832599,non_responsive,non_responsive,non_responsive,non_responsive
3832600,non_responsive,non_responsive,non_responsive,non_responsive
3832603,non_responsive,non_responsive,non_responsive,non_responsive
3832604,non_responsive,non_responsive,non_responsive,non_responsive
3832605,non_responsive,non_responsive,non_responsive,non_responsive
3832606,non_responsive,non_responsive,non_responsive,non_responsive
3832607,non_responsive,non_responsive,non_responsive,non_responsive
3832608,non_responsive,non_responsive,non_responsive,non_responsive
3832609,non_responsive,non_responsive,non_responsive,non_responsive
3832610,non_responsive,non_responsive,non_responsive,non_responsive
3832611,non_responsive,non_responsive,non_responsive,non_responsive
3832613,non_responsive,non_responsive,non_responsive,non_responsive
3893054,non_responsive,non_responsive,non_responsive,non_responsive
3895699,non_responsive,non_responsive,non_responsive,non_responsive
3895768,non_responsive,non_responsive,non_responsive,non_responsive
3895819,non_responsive,non_responsive,non_responsive,non_responsive
3896034,non_responsive,non_responsive,non_responsive,non_responsive
3896059,non_responsive,non_responsive,non_responsive,non_responsive
3896264,non_responsive,non_responsive,non_responsive,non_responsive
3896299,non_responsive,non_responsive,non_responsive,non_responsive
3896309,non_responsive,non_responsive,non_responsive,non_responsive
3896455,non_responsive,non_responsive,non_responsive,non_responsive
3896456,non_responsive,non_responsive,non_responsive,non_responsive
3896579,non_responsive,non_responsive,non_responsive,non_responsive
3896680,non_responsive,non_responsive,responsive,non_responsive
3901190,non_responsive,non_responsive,non_responsive,non_responsive
3902254,non_responsive,non_responsive,non_responsive,non_responsive
3902462,non_responsive,non_responsive,non_responsive,non_responsive
3902617,non_responsive,non_responsive,non_responsive,non_responsive
3907006,non_responsive,non_responsive,non_responsive,non_responsive
3907115,non_responsive,non_responsive,non_responsive,non_responsive
3907118,non_responsive,non_responsive,non_responsive,non_responsive
3907147,non_responsive,non_responsive,non_responsive,non_responsive
3907233,non_responsive,non_responsive,non_responsive,non_responsive
3907548,non_responsive,non_responsive,non_responsive,non_responsive
3910637,non_responsive,non_responsive,non_responsive,non_responsive
3910638,non_responsive,non_responsive,non_responsive,non_responsive
3910639,non_responsive,non_responsive,non_responsive,non_responsive
3911021,non_responsive,non_responsive,non_responsive,non_responsive
3911982,non_responsive,non_responsive,non_responsive,non_responsive
3912006,non_responsive,non_responsive,non_responsive,non_responsive
4001796,non_responsive,non_responsive,non_responsive,non_responsive
4001797,non_responsive,non_responsive,non_responsive,non_responsive
4001799,non_responsive,non_responsive,non_responsive,non_responsive
4001800,non_responsive,non_responsive,non_responsive,non_responsive
4001802,non_responsive,non_responsive,non_responsive,non_responsive
4001804,non_responsive,non_responsive,non_responsive,non_responsive
4001805,non_responsive,non_responsive,non_responsive,non_responsive
4001807,non_responsive,non_responsive,non_responsive,non_responsive
4001808,non_responsive,non_responsive,non_responsive,non_responsive
4001810,non_responsive,non_responsive,non_responsive,non_responsive
4001812,non_responsive,non_responsive,non_responsive,non_responsive
4001813,non_responsive,non_responsive,non_responsive,non_responsive
4001814,non_responsive,non_responsive,non_responsive,non_responsive
4001815,non_responsive,non_responsive,non_responsive,non_responsive
4001817,non_responsive,non_responsive,non_responsive,non_responsive
4001818,non_responsive,non_responsive,non_responsive,non_responsive
4001819,non_responsive,non_responsive,non_responsive,non_responsive
4001820,non_responsive,non_responsive,non_responsive,non_responsive
4001821,non_responsive,non_responsive,non_responsive,non_responsive
4001822,non_responsive,non_responsive,non_responsive,non_responsive
4001823,non_responsive,non_responsive,non_responsive,non_responsive
4001825,non_responsive,non_responsive,non_responsive,non_responsive
4001826,non_responsive,non_responsive,non_responsive,non_responsive
4001827,non_responsive,non_responsive,non_responsive,non_responsive
4001828,non_responsive,non_responsive,non_responsive,non_responsive
4001829,non_responsive,non_responsive,non_responsive,non_responsive
4001830,non_responsive,non_responsive,non_responsive,non_responsive
4001831,non_responsive,non_responsive,non_responsive,non_responsive
4001832,non_responsive,non_responsive,non_responsive,non_responsive
4001834,non_responsive,non_responsive,non_responsive,non_responsive
4001835,non_responsive,non_responsive,non_responsive,non_responsive
4001836,non_responsive,non_responsive,non_responsive,non_responsive
4001837,non_responsive,non_responsive,non_responsive,non_responsive
4001838,non_responsive,non_responsive,non_responsive,non_responsive
4001839,non_responsive,non_responsive,non_responsive,non_responsive
4001840,non_responsive,non_responsive,non_responsive,non_responsive
4001841,non_responsive,non_responsive,non_responsive,non_responsive
4001843,non_responsive,non_responsive,non_responsive,non_responsive
4001844,non_responsive,non_responsive,non_responsive,non_responsive
4001845,non_responsive,non_responsive,non_responsive,non_responsive
4001846,non_responsive,non_responsive,non_responsive,non_responsive
4001847,non_responsive,non_responsive,non_responsive,non_responsive
4001848,non_responsive,non_responsive,non_responsive,non_responsive
4001849,non_responsive,non_responsive,non_responsive,non_responsive
4001850,non_responsive,non_responsive,non_responsive,non_responsive
4001852,non_responsive,non_responsive,non_responsive,non_responsive
4001853,non_responsive,non_responsive,non_responsive,non_responsive
4001854,non_responsive,non_responsive,non_responsive,non_responsive
4001855,non_responsive,non_responsive,non_responsive,non_responsive
4001856,non_responsive,non_responsive,non_responsive,non_responsive
4001857,non_responsive,non_responsive,non_responsive,non_responsive
4001858,non_responsive,non_responsive,non_responsive,non_responsive
4001859,non_responsive,non_responsive,non_responsive,non_responsive
4001861,non_responsive,non_responsive,non_responsive,non_responsive
4001862,non_responsive,non_responsive,non_responsive,non_responsive
4001863,non_responsive,non_responsive,non_responsive,non_responsive
4001864,non_responsive,non_responsive,non_responsive,non_responsive
4001865,non_responsive,non_responsive,non_responsive,non_responsive
4001866,non_responsive,non_responsive,non_responsive,non_responsive
4001867,non_responsive,non_responsive,non_responsive,non_responsive
4001868,non_responsive,non_responsive,non_responsive,non_responsive
4001869,non_responsive,non_responsive,non_responsive,non_responsive
4001870,non_responsive,non_responsive,non_responsive,non_responsive
4001872,non_responsive,non_responsive,non_responsive,non_responsive
4001873,non_responsive,non_responsive,non_responsive,non_responsive
4001874,non_responsive,non_responsive,non_responsive,non_responsive
4001875,non_responsive,non_responsive,non_responsive,non_responsive
4001876,non_responsive,non_responsive,non_responsive,non_responsive
4001877,non_responsive,non_responsive,non_responsive,non_responsive
4001878,non_responsive,non_responsive,non_responsive,non_responsive
4001879,non_responsive,non_responsive,non_responsive,non_responsive
4001880,non_responsive,non_responsive,non_responsive,non_responsive
4001882,non_responsive,non_responsive,non_responsive,non_responsive
4001883,non_responsive,non_responsive,non_responsive,non_responsive
4001884,non_responsive,non_responsive,non_responsive,non_responsive
4001885,non_responsive,non_responsive,non_responsive,non_responsive
4001886,non_responsive,non_responsive,non_responsive,non_responsive
4001887,non_responsive,non_responsive,non_responsive,non_responsive
4001888,non_responsive,non_responsive,non_responsive,non_responsive
4001889,non_responsive,non_responsive,non_responsive,non_responsive
4001890,non_responsive,non_responsive,non_responsive,non_responsive
4001891,non_responsive,non_responsive,non_responsive,non_responsive
4001892,non_responsive,non_responsive,non_responsive,non_responsive
4001893,non_responsive,non_responsive,non_responsive,non_responsive
4064405,non_responsive,non_responsive,non_responsive,non_responsive
4064407,non_responsive,non_responsive,non_responsive,non_responsive
4064409,non_responsive,non_responsive,non_responsive,non_responsive
4064410,non_responsive,non_responsive,non_responsive,responsive
4064412,non_responsive,non_responsive,non_responsive,non_responsive
4064413,non_responsive,non_responsive,non_responsive,non_responsive
4064414,non_responsive,non_responsive,non_responsive,non_responsive
4064416,non_responsive,non_responsive,non_responsive,non_responsive
4064417,non_responsive,non_responsive,non_responsive,non_responsive
4064418,non_responsive,non_responsive,non_responsive,non_responsive
4064420,non_responsive,non_responsive,non_responsive,non_responsive
4064421,non_responsive,non_responsive,non_responsive,non_responsive
4064422,non_responsive,non_responsive,non_responsive,non_responsive
4064423,non_responsive,non_responsive,non_responsive,non_responsive
4064424,non_responsive,non_responsive,non_responsive,non_responsive
4064425,non_responsive,non_responsive,non_responsive,non_responsive
4064426,non_responsive,non_responsive,non_responsive,non_responsive
4064430,non_responsive,non_responsive,non_responsive,non_responsive
4064431,non_responsive,non_responsive,non_responsive,non_responsive
4064432,non_responsive,non_responsive,non_responsive,non_responsive
4064433,non_responsive,non_responsive,non_responsive,non_responsive
4064434,non_responsive,non_responsive,non_responsive,non_responsive
4064436,non_responsive,non_responsive,non_responsive,non_responsive
4064437,non_responsive,non_responsive,non_responsive,non_responsive
4064438,non_responsive,non_responsive,non_responsive,non_responsive
4064441,non_responsive,non_responsive,non_responsive,non_responsive
4064442,non_responsive,non_responsive,non_responsive,non_responsive
4064443,non_responsive,non_responsive,non_responsive,non_responsive
4064445,non_responsive,non_responsive,non_responsive,non_responsive
4064446,non_responsive,non_responsive,non_responsive,non_responsive
4064448,non_responsive,non_responsive,non_responsive,non_responsive
4064450,non_responsive,non_responsive,non_responsive,non_responsive
4064451,non_responsive,non_responsive,non_responsive,non_responsive
4064452,non_responsive,non_responsive,non_responsive,non_responsive
4064453,non_responsive,non_responsive,non_responsive,non_responsive
4064454,non_responsive,non_responsive,non_responsive,non_responsive
4064455,non_responsive,non_responsive,non_responsive,non_responsive
4064456,non_responsive,non_responsive,non_responsive,non_responsive
4064459,non_responsive,non_responsive,non_responsive,non_responsive
4064460,non_responsive,non_responsive,non_responsive,non_responsive
4064461,non_responsive,non_responsive,non_responsive,non_responsive
4064463,non_responsive,non_responsive,non_responsive,non_responsive
4064464,non_responsive,non_responsive,non_responsive,non_responsive
4064465,non_responsive,non_responsive,non_responsive,non_responsive
4064468,non_responsive,non_responsive,non_responsive,non_responsive
4064469,non_responsive,non_responsive,non_responsive,non_responsive
4064470,non_responsive,non_responsive,non_responsive,non_responsive
4064471,non_responsive,non_responsive,non_responsive,non_responsive
4064472,non_responsive,non_responsive,non_responsive,non_responsive
4064475,non_responsive,non_responsive,non_responsive,non_responsive
4064477,non_responsive,non_responsive,non_responsive,non_responsive
4064478,non_responsive,non_responsive,non_responsive,non_responsive
4064479,non_responsive,non_responsive,non_responsive,non_responsive
4064480,non_responsive,non_responsive,non_responsive,non_responsive
4064481,non_responsive,non_responsive,non_responsive,non_responsive
4064482,non_responsive,non_responsive,non_responsive,non_responsive
4064483,non_responsive,non_responsive,non_responsive,non_responsive
4064484,non_responsive,non_responsive,non_responsive,non_responsive
4064485,non_responsive,non_responsive,non_responsive,non_responsive
4064487,non_responsive,non_responsive,non_responsive,non_responsive
4064490,non_responsive,non_responsive,non_responsive,non_responsive
4064491,non_responsive,non_responsive,non_responsive,non_responsive
4064492,non_responsive,non_responsive,non_responsive,non_responsive
4064493,non_responsive,non_responsive,non_responsive,non_responsive
4064494,non_responsive,non_responsive,non_responsive,non_responsive
4064495,non_responsive,non_responsive,non_responsive,non_responsive
4064496,non_responsive,non_responsive,non_responsive,non_responsive
4064498,non_responsive,non_responsive,non_responsive,non_responsive
4064499,non_responsive,non_responsive,non_responsive,non_responsive
4064500,non_responsive,non_responsive,non_responsive,non_responsive
4064501,non_responsive,non_responsive,non_responsive,non_responsive
4064503,non_responsive,non_responsive,non_responsive,non_responsive
4064505,non_responsive,non_responsive,non_responsive,non_responsive
4064506,non_responsive,non_responsive,non_responsive,non_responsive
4064507,non_responsive,non_responsive,non_responsive,non_responsive
4064510,non_responsive,non_responsive,non_responsive,non_responsive
4064512,non_responsive,non_responsive,non_responsive,non_responsive
4064513,non_responsive,non_responsive,non_responsive,non_responsive
4064514,non_responsive,non_responsive,non_responsive,non_responsive
4064515,non_responsive,non_responsive,non_responsive,non_responsive
4064516,non_responsive,non_responsive,responsive,non_responsive
4064517,non_responsive,non_responsive,non_responsive,non_responsive
4064518,non_responsive,non_responsive,non_responsive,non_responsive
4064521,non_responsive,non_responsive,non_responsive,non_responsive
4064522,non_responsive,non_responsive,non_responsive,non_responsive
4064523,non_responsive,non_responsive,non_responsive,non_responsive
4064524,non_responsive,non_responsive,non_responsive,non_responsive
4064525,non_responsive,non_responsive,non_responsive,non_responsive
4064526,non_responsive,non_responsive,non_responsive,non_responsive
4064529,non_responsive,non_responsive,non_responsive,non_responsive
4064530,non_responsive,non_responsive,non_responsive,non_responsive
4064531,non_responsive,non_responsive,non_responsive,non_responsive
4064533,non_responsive,non_responsive,non_responsive,non_responsive
4064534,non_responsive,non_responsive,non_responsive,non_responsive
4064536,non_responsive,non_responsive,non_responsive,non_responsive
4064538,non_responsive,non_responsive,non_responsive,non_responsive
4064539,non_responsive,non_responsive,non_responsive,non_responsive
4064542,non_responsive,non_responsive,non_responsive,non_responsive
4064544,non_responsive,non_responsive,non_responsive,non_responsive
4064545,non_responsive,non_responsive,non_responsive,non_responsive
4064548,non_responsive,non_responsive,non_responsive,non_responsive
4064549,non_responsive,non_responsive,non_responsive,non_responsive
4064550,non_responsive,non_responsive,non_responsive,non_responsive
4064553,non_responsive,non_responsive,non_responsive,non_responsive
4064556,non_responsive,non_responsive,non_responsive,non_responsive
4064557,non_responsive,non_responsive,non_responsive,non_responsive
4064558,non_responsive,non_responsive,non_responsive,non_responsive
4064559,non_responsive,non_responsive,non_responsive,non_responsive
4064560,non_responsive,non_responsive,non_responsive,non_responsive
4064561,non_responsive,non_responsive,non_responsive,non_responsive
4064563,non_responsive,non_responsive,non_responsive,non_responsive
4064564,non_responsive,non_responsive,non_responsive,non_responsive
4064565,non_responsive,non_responsive,non_responsive,non_responsive
4064567,non_responsive,non_responsive,non_responsive,non_responsive
4064568,non_responsive,non_responsive,non_responsive,non_responsive
4064569,non_responsive,non_responsive,non_responsive,non_responsive
4064572,non_responsive,non_responsive,non_responsive,non_responsive
4064573,non_responsive,non_responsive,non_responsive,non_responsive
4064574,non_responsive,non_responsive,non_responsive,non_responsive
4064575,non_responsive,non_responsive,non_responsive,non_responsive
4064577,non_responsive,non_responsive,non_responsive,non_responsive
4064578,non_responsive,non_responsive,non_responsive,non_responsive
4064579,non_responsive,non_responsive,non_responsive,non_responsive
4064581,non_responsive,non_responsive,non_responsive,non_responsive
4064582,non_responsive,non_responsive,non_responsive,non_responsive
4064583,non_responsive,non_responsive,non_responsive,non_responsive
4064584,non_responsive,non_responsive,non_responsive,non_responsive
4064585,non_responsive,non_responsive,non_responsive,non_responsive
4064586,non_responsive,non_responsive,non_responsive,non_responsive
4064587,non_responsive,non_responsive,non_responsive,non_responsive
4064588,non_responsive,non_responsive,non_responsive,non_responsive
4064589,non_responsive,non_responsive,non_responsive,non_responsive
4064590,non_responsive,non_responsive,non_responsive,non_responsive
4064591,non_responsive,non_responsive,non_responsive,non_responsive
4064594,non_responsive,non_responsive,non_responsive,non_responsive
4064595,non_responsive,non_responsive,non_responsive,non_responsive
4064596,non_responsive,non_responsive,non_responsive,non_responsive
4064597,non_responsive,non_responsive,non_responsive,non_responsive
4064598,non_responsive,non_responsive,non_responsive,non_responsive
4064599,non_responsive,non_responsive,non_responsive,non_responsive
4064604,non_responsive,non_responsive,non_responsive,non_responsive
4064605,non_responsive,non_responsive,non_responsive,non_responsive
4064606,non_responsive,non_responsive,non_responsive,non_responsive
4064607,non_responsive,non_responsive,non_responsive,non_responsive
4064608,non_responsive,non_responsive,non_responsive,non_responsive
4064609,non_responsive,non_responsive,non_responsive,non_responsive
4064610,non_responsive,non_responsive,non_responsive,non_responsive
4064611,non_responsive,non_responsive,non_responsive,non_responsive
4064612,non_responsive,non_responsive,non_responsive,non_responsive
4064614,non_responsive,non_responsive,non_responsive,non_responsive
4064615,non_responsive,non_responsive,non_responsive,non_responsive
4064616,non_responsive,non_responsive,non_responsive,non_responsive
4064617,non_responsive,non_responsive,non_responsive,non_responsive
4064618,non_responsive,non_responsive,non_responsive,non_responsive
4064620,non_responsive,non_responsive,non_responsive,non_responsive
4064621,non_responsive,non_responsive,non_responsive,non_responsive
4064622,non_responsive,non_responsive,non_responsive,non_responsive
4064624,non_responsive,non_responsive,non_responsive,non_responsive
4064625,non_responsive,non_responsive,non_responsive,non_responsive
4064626,non_responsive,non_responsive,non_responsive,non_responsive
4064627,non_responsive,non_responsive,non_responsive,non_responsive
4064630,non_responsive,non_responsive,non_responsive,non_responsive
4064631,non_responsive,non_responsive,non_responsive,non_responsive
4064632,non_responsive,non_responsive,non_responsive,non_responsive
4064633,non_responsive,non_responsive,non_responsive,non_responsive
4064634,non_responsive,non_responsive,non_responsive,non_responsive
4064635,non_responsive,non_responsive,non_responsive,non_responsive
4064636,non_responsive,non_responsive,non_responsive,non_responsive
4064637,non_responsive,non_responsive,non_responsive,non_responsive
4064638,non_responsive,non_responsive,non_responsive,non_responsive
4064639,non_responsive,non_responsive,non_responsive,non_responsive
4064640,non_responsive,non_responsive,non_responsive,non_responsive
4064641,non_responsive,non_responsive,non_responsive,non_responsive
4064642,non_responsive,non_responsive,non_responsive,non_responsive
4064643,non_responsive,non_responsive,non_responsive,non_responsive
4064644,non_responsive,non_responsive,non_responsive,non_responsive
4064645,non_responsive,non_responsive,non_responsive,non_responsive
4064648,non_responsive,non_responsive,non_responsive,non_responsive
4064650,non_responsive,non_responsive,non_responsive,non_responsive
4064651,non_responsive,non_responsive,non_responsive,non_responsive
4064652,non_responsive,non_responsive,non_responsive,non_responsive
4064653,non_responsive,non_responsive,non_responsive,non_responsive
4064654,non_responsive,non_responsive,non_responsive,non_responsive
4064655,non_responsive,non_responsive,non_responsive,non_responsive
4064657,non_responsive,non_responsive,non_responsive,non_responsive
4064658,non_responsive,non_responsive,non_responsive,non_responsive
4064659,non_responsive,non_responsive,non_responsive,non_responsive
4064660,non_responsive,non_responsive,non_responsive,non_responsive
4064661,non_responsive,non_responsive,non_responsive,non_responsive
4064662,non_responsive,non_responsive,non_responsive,non_responsive
4064663,non_responsive,non_responsive,non_responsive,non_responsive
4064664,non_responsive,non_responsive,non_responsive,non_responsive
4064667,non_responsive,non_responsive,non_responsive,non_responsive
4070922,non_responsive,non_responsive,non_responsive,non_responsive
4072070,responsive,responsive,responsive,responsive
4073468,non_responsive,non_responsive,non_responsive,non_responsive
4073469,non_responsive,non_responsive,non_responsive,non_responsive
4073470,non_responsive,non_responsive,non_responsive,non_responsive
4073478,non_responsive,non_responsive,non_responsive,non_responsive
4073489,non_responsive,non_responsive,non_responsive,non_responsive
4073500,non_responsive,non_responsive,non_responsive,non_responsive
4073503,non_responsive,non_responsive,non_responsive,non_responsive
4073504,non_responsive,non_responsive,non_responsive,non_responsive
4073505,non_responsive,non_responsive,non_responsive,non_responsive
4073506,non_responsive,non_responsive,non_responsive,non_responsive
4073507,non_responsive,non_responsive,non_responsive,non_responsive
4074496,non_responsive,non_responsive,non_responsive,non_responsive
4075718,non_responsive,non_responsive,non_responsive,non_responsive
4227376,non_responsive,non_responsive,non_responsive,non_responsive
4227379,non_responsive,non_responsive,non_responsive,non_responsive
4227381,non_responsive,non_responsive,non_responsive,non_responsive
4227383,non_responsive,non_responsive,non_responsive,non_responsive
4227384,non_responsive,non_responsive,non_responsive,non_responsive
4227386,non_responsive,non_responsive,non_responsive,non_responsive
4227387,non_responsive,non_responsive,non_responsive,non_responsive
4227388,non_responsive,non_responsive,non_responsive,non_responsive
4227389,non_responsive,non_responsive,non_responsive,non_responsive
4227390,non_responsive,non_responsive,non_responsive,non_responsive
4227391,non_responsive,non_responsive,non_responsive,non_responsive
4227392,non_responsive,non_responsive,non_responsive,non_responsive
4227393,non_responsive,non_responsive,non_responsive,non_responsive
4227394,non_responsive,non_responsive,non_responsive,non_responsive
4227395,non_responsive,non_responsive,non_responsive,non_responsive
4227396,non_responsive,non_responsive,non_responsive,non_responsive
4227397,non_responsive,non_responsive,non_responsive,non_responsive
4227398,non_responsive,non_responsive,non_responsive,non_responsive
4227400,non_responsive,non_responsive,non_responsive,non_responsive
4227401,non_responsive,non_responsive,non_responsive,non_responsive
4227402,non_responsive,non_responsive,non_responsive,non_responsive
4227403,non_responsive,non_responsive,non_responsive,non_responsive
4227404,non_responsive,non_responsive,non_responsive,non_responsive
4227405,non_responsive,non_responsive,non_responsive,non_responsive
4227406,non_responsive,non_responsive,non_responsive,non_responsive
4227407,non_responsive,non_responsive,non_responsive,non_responsive
4227408,non_responsive,non_responsive,non_responsive,non_responsive
4227409,non_responsive,non_responsive,non_responsive,non_responsive
4227411,non_responsive,non_responsive,non_responsive,non_responsive
4227412,non_responsive,non_responsive,non_responsive,non_responsive
4227413,non_responsive,non_responsive,non_responsive,non_responsive
4227414,non_responsive,non_responsive,non_responsive,non_responsive
4227415,non_responsive,non_responsive,non_responsive,non_responsive
4227416,non_responsive,non_responsive,non_responsive,non_responsive
4227418,non_responsive,non_responsive,non_responsive,non_responsive
4227419,non_responsive,non_responsive,non_responsive,non_responsive
4227420,non_responsive,non_responsive,non_responsive,non_responsive
4227421,non_responsive,non_responsive,non_responsive,non_responsive
4227422,non_responsive,non_responsive,non_responsive,non_responsive
4227423,non_responsive,non_responsive,non_responsive,non_responsive
4227424,non_responsive,non_responsive,non_responsive,non_responsive
4227425,non_responsive,non_responsive,non_responsive,non_responsive
4227427,non_responsive,non_responsive,non_responsive,non_responsive
4227428,non_responsive,non_responsive,non_responsive,non_responsive
4227429,non_responsive,non_responsive,non_responsive,non_responsive
4227430,non_responsive,non_responsive,non_responsive,non_responsive
4227431,non_responsive,non_responsive,non_responsive,non_responsive
4227432,non_responsive,non_responsive,non_responsive,non_responsive
4227433,non_responsive,non_responsive,non_responsive,non_responsive
4227434,non_responsive,non_responsive,non_responsive,non_responsive
4227436,non_responsive,non_responsive,non_responsive,non_responsive
4227437,non_responsive,non_responsive,non_responsive,non_responsive
4227438,non_responsive,non_responsive,non_responsive,non_responsive
4227439,non_responsive,non_responsive,non_responsive,non_responsive
4227440,non_responsive,non_responsive,non_responsive,non_responsive
4227441,non_responsive,non_responsive,non_responsive,non_responsive
4227442,non_responsive,non_responsive,non_responsive,non_responsive
4227445,non_responsive,non_responsive,non_responsive,non_responsive
4227446,non_responsive,non_responsive,non_responsive,non_responsive
4227447,non_responsive,non_responsive,non_responsive,non_responsive
4227448,non_responsive,non_responsive,non_responsive,non_responsive
4227449,non_responsive,non_responsive,non_responsive,non_responsive
4227450,non_responsive,non_responsive,non_responsive,non_responsive
4227451,non_responsive,non_responsive,non_responsive,non_responsive
4277504,non_responsive,non_responsive,non_responsive,non_responsive
4277972,non_responsive,non_responsive,non_responsive,non_responsive
4278170,non_responsive,non_responsive,non_responsive,non_responsive
4279028,non_responsive,non_responsive,non_responsive,non_responsive
4279997,non_responsive,non_responsive,non_responsive,non_responsive
4279998,non_responsive,non_responsive,non_responsive,non_responsive
4279999,non_responsive,non_responsive,non_responsive,non_responsive
4280009,non_responsive,non_responsive,non_responsive,non_responsive
4280010,non_responsive,non_responsive,non_responsive,non_responsive
4280011,non_responsive,non_responsive,non_responsive,non_responsive
4280012,non_responsive,non_responsive,non_responsive,non_responsive
4280013,non_responsive,non_responsive,non_responsive,non_responsive
4280014,non_responsive,non_responsive,non_responsive,non_responsive
4280015,non_responsive,non_responsive,non_responsive,non_responsive
4280016,non_responsive,non_responsive,non_responsive,non_responsive
4280017,non_responsive,non_responsive,non_responsive,non_responsive
4280024,non_responsive,non_responsive,non_responsive,non_responsive
4280025,non_responsive,non_responsive,non_responsive,non_responsive
4280026,non_responsive,non_responsive,non_responsive,non_responsive
4280027,non_responsive,non_responsive,non_responsive,non_responsive
4280028,non_responsive,non_responsive,non_responsive,non_responsive
4280029,non_responsive,non_responsive,non_responsive,non_responsive
4280030,non_responsive,non_responsive,non_responsive,non_responsive
4280035,non_responsive,non_responsive,non_responsive,non_responsive
4280036,non_responsive,non_responsive,non_responsive,non_responsive
4280037,non_responsive,non_responsive,non_responsive,non_responsive
4280043,non_responsive,non_responsive,non_responsive,non_responsive
4280044,non_responsive,non_responsive,non_responsive,non_responsive
4280045,non_responsive,non_responsive,non_responsive,non_responsive
4280047,non_responsive,non_responsive,non_responsive,non_responsive
4280048,non_responsive,non_responsive,non_responsive,non_responsive
4280049,non_responsive,non_responsive,non_responsive,non_responsive
4280050,non_responsive,non_responsive,non_responsive,non_responsive
4280053,non_responsive,non_responsive,non_responsive,non_responsive
4280057,non_responsive,non_responsive,non_responsive,non_responsive
4280058,non_responsive,non_responsive,non_responsive,non_responsive
4280059,non_responsive,non_responsive,non_responsive,non_responsive
4280061,non_responsive,non_responsive,non_responsive,non_responsive
4280070,non_responsive,non_responsive,non_responsive,non_responsive
4280072,non_responsive,non_responsive,non_responsive,non_responsive
4280076,non_responsive,non_responsive,non_responsive,non_responsive
4280077,non_responsive,non_responsive,non_responsive,non_responsive
4280081,non_responsive,non_responsive,non_responsive,non_responsive
4280082,non_responsive,non_responsive,non_responsive,non_responsive
4280087,non_responsive,non_responsive,non_responsive,non_responsive
4280088,non_responsive,non_responsive,non_responsive,non_responsive
4280090,non_responsive,non_responsive,non_responsive,non_responsive
4280091,non_responsive,non_responsive,non_responsive,non_responsive
4280095,non_responsive,non_responsive,non_responsive,non_responsive
4280098,non_responsive,non_responsive,non_responsive,non_responsive
4280104,non_responsive,non_responsive,non_responsive,non_responsive
4280112,non_responsive,non_responsive,non_responsive,non_responsive
4280113,non_responsive,non_responsive,non_responsive,non_responsive
4280114,non_responsive,non_responsive,non_responsive,non_responsive
4280115,non_responsive,non_responsive,non_responsive,non_responsive
4280116,non_responsive,non_responsive,non_responsive,non_responsive
4280127,non_responsive,non_responsive,non_responsive,non_responsive
4280128,non_responsive,non_responsive,non_responsive,non_responsive
4280130,non_responsive,non_responsive,non_responsive,non_responsive
4280623,non_responsive,non_responsive,non_responsive,non_responsive
4281688,non_responsive,non_responsive,non_responsive,non_responsive
4291995,non_responsive,non_responsive,non_responsive,non_responsive
4292676,non_responsive,non_responsive,non_responsive,non_responsive
4293703,non_responsive,non_responsive,non_responsive,non_responsive
4294462,non_responsive,non_responsive,non_responsive,non_responsive
4332657,non_responsive,non_responsive,non_responsive,non_responsive
4332659,non_responsive,non_responsive,non_responsive,non_responsive
4332665,non_responsive,non_responsive,non_responsive,non_responsive
4332666,non_responsive,non_responsive,non_responsive,non_responsive
4332667,non_responsive,non_responsive,non_responsive,non_responsive
4332668,non_responsive,non_responsive,non_responsive,non_responsive
4332669,non_responsive,non_responsive,non_responsive,non_responsive
4332670,non_responsive,non_responsive,non_responsive,non_responsive
4332672,non_responsive,non_responsive,non_responsive,non_responsive
4525826,non_responsive,non_responsive,non_responsive,non_responsive
4525912,non_responsive,non_responsive,non_responsive,non_responsive
4525966,non_responsive,non_responsive,non_responsive,non_responsive
4526116,non_responsive,non_responsive,non_responsive,non_responsive
4526121,non_responsive,non_responsive,non_responsive,non_responsive
4528938,non_responsive,non_responsive,non_responsive,non_responsive
4530900,non_responsive,non_responsive,non_responsive,non_responsive
4532057,non_responsive,non_responsive,non_responsive,non_responsive
4532955,non_responsive,non_responsive,non_responsive,non_responsive
4532956,non_responsive,non_responsive,non_responsive,non_responsive
4532957,non_responsive,non_responsive,non_responsive,non_responsive
4532958,non_responsive,non_responsive,non_responsive,non_responsive
4532959,non_responsive,non_responsive,non_responsive,non_responsive
4532960,non_responsive,non_responsive,non_responsive,non_responsive
4532961,non_responsive,non_responsive,non_responsive,non_responsive
4535677,non_responsive,non_responsive,non_responsive,non_responsive
4535794,non_responsive,non_responsive,non_responsive,non_responsive
4535906,non_responsive,non_responsive,non_responsive,non_responsive
4536103,non_responsive,non_responsive,non_responsive,non_responsive
4536154,non_responsive,non_responsive,non_responsive,non_responsive
4536643,non_responsive,non_responsive,non_responsive,non_responsive
4536667,non_responsive,non_responsive,non_responsive,non_responsive
4536698,non_responsive,non_responsive,non_responsive,non_responsive
4536807,non_responsive,non_responsive,non_responsive,non_responsive
4536933,non_responsive,non_responsive,non_responsive,non_responsive
4538380,non_responsive,non_responsive,non_responsive,non_responsive
4538383,non_responsive,non_responsive,non_responsive,non_responsive
4541327,non_responsive,non_responsive,non_responsive,non_responsive
4541328,non_responsive,non_responsive,non_responsive,non_responsive
4541329,non_responsive,non_responsive,non_responsive,non_responsive
4541330,non_responsive,non_responsive,non_responsive,non_responsive
4541331,non_responsive,non_responsive,non_responsive,non_responsive
4541332,non_responsive,non_responsive,non_responsive,non_responsive
4641827,non_responsive,non_responsive,non_responsive,non_responsive
4642289,non_responsive,non_responsive,non_responsive,non_responsive
4642624,non_responsive,non_responsive,non_responsive,non_responsive
4643073,non_responsive,non_responsive,non_responsive,non_responsive
4643169,non_responsive,non_responsive,non_responsive,non_responsive
4644236,non_responsive,non_responsive,non_responsive,non_responsive
4644484,non_responsive,non_responsive,non_responsive,non_responsive
4645572,non_responsive,non_responsive,non_responsive,non_responsive
4645842,non_responsive,non_responsive,non_responsive,non_responsive
4645931,non_responsive,non_responsive,non_responsive,non_responsive
4646019,non_responsive,non_responsive,non_responsive,non_responsive
4646106,non_responsive,non_responsive,non_responsive,non_responsive
4646195,non_responsive,non_responsive,non_responsive,non_responsive
4646377,non_responsive,non_responsive,non_responsive,non_responsive
4646473,non_responsive,non_responsive,non_responsive,non_responsive
4646573,non_responsive,non_responsive,non_responsive,non_responsive
4646668,non_responsive,non_responsive,non_responsive,non_responsive
4646752,non_responsive,non_responsive,non_responsive,non_responsive
4646845,non_responsive,non_responsive,non_responsive,non_responsive
4646935,non_responsive,non_responsive,responsive,non_responsive
4647188,non_responsive,non_responsive,non_responsive,non_responsive
4647281,non_responsive,non_responsive,non_responsive,non_responsive
4647362,non_responsive,non_responsive,non_responsive,non_responsive
4647445,non_responsive,non_responsive,non_responsive,non_responsive
4647528,non_responsive,non_responsive,non_responsive,non_responsive
4647622,non_responsive,non_responsive,non_responsive,non_responsive
4647719,non_responsive,non_responsive,non_responsive,non_responsive
4647814,non_responsive,non_responsive,non_responsive,non_responsive
4647910,non_responsive,non_responsive,non_responsive,non_responsive
4648101,non_responsive,non_responsive,non_responsive,non_responsive
4648189,non_responsive,non_responsive,non_responsive,non_responsive
4648287,non_responsive,non_responsive,non_responsive,non_responsive
4648383,non_responsive,non_responsive,non_responsive,non_responsive
4648562,non_responsive,non_responsive,non_responsive,non_responsive
4648654,non_responsive,non_responsive,non_responsive,non_responsive
4648743,non_responsive,non_responsive,non_responsive,non_responsive
4648922,non_responsive,non_responsive,non_responsive,non_responsive
4649006,non_responsive,non_responsive,non_responsive,non_responsive
4649096,non_responsive,non_responsive,non_responsive,non_responsive
4649187,non_responsive,non_responsive,non_responsive,non_responsive
4649360,non_responsive,non_responsive,non_responsive,non_responsive
4649449,non_responsive,non_responsive,non_responsive,non_responsive
4649711,non_responsive,non_responsive,non_responsive,non_responsive
4649788,non_responsive,non_responsive,non_responsive,non_responsive
4649876,non_responsive,non_responsive,non_responsive,non_responsive
4649971,non_responsive,non_responsive,non_responsive,non_responsive
4650064,non_responsive,non_responsive,non_responsive,non_responsive
4650158,non_responsive,non_responsive,non_responsive,non_responsive
4650256,non_responsive,non_responsive,non_responsive,non_responsive
4650432,non_responsive,non_responsive,non_responsive,non_responsive
4650518,non_responsive,non_responsive,non_responsive,non_responsive
4650609,non_responsive,non_responsive,non_responsive,non_responsive
4650699,non_responsive,non_responsive,non_responsive,non_responsive
4650791,non_responsive,non_responsive,non_responsive,non_responsive
4650876,non_responsive,non_responsive,non_responsive,non_responsive
4651054,non_responsive,non_responsive,non_responsive,non_responsive
4651154,non_responsive,non_responsive,non_responsive,non_responsive
4651244,non_responsive,non_responsive,non_responsive,non_responsive
4651331,non_responsive,non_responsive,non_responsive,non_responsive
4651433,non_responsive,non_responsive,non_responsive,non_responsive
4651520,non_responsive,non_responsive,non_responsive,non_responsive
4651604,non_responsive,non_responsive,non_responsive,non_responsive
4651695,non_responsive,non_responsive,non_responsive,non_responsive
4651784,non_responsive,non_responsive,non_responsive,non_responsive
4651878,non_responsive,non_responsive,non_responsive,non_responsive
4651969,non_responsive,non_responsive,non_responsive,non_responsive
4652059,non_responsive,non_responsive,non_responsive,non_responsive
4652928,non_responsive,non_responsive,non_responsive,non_responsive
4680882,non_responsive,non_responsive,non_responsive,non_responsive
4683093,non_responsive,non_responsive,non_responsive,non_responsive
4683302,non_responsive,non_responsive,non_responsive,non_responsive
4685639,non_responsive,non_responsive,non_responsive,non_responsive
4685818,non_responsive,non_responsive,non_responsive,non_responsive
4685865,non_responsive,non_responsive,non_responsive,non_responsive
4685887,non_responsive,non_responsive,non_responsive,non_responsive
4685889,non_responsive,non_responsive,non_responsive,non_responsive
4685894,non_responsive,non_responsive,non_responsive,non_responsive
4687106,non_responsive,non_responsive,non_responsive,non_responsive
4687111,non_responsive,non_responsive,non_responsive,non_responsive
4687195,non_responsive,non_responsive,non_responsive,non_responsive
4687463,non_responsive,non_responsive,non_responsive,non_responsive
4687557,non_responsive,non_responsive,non_responsive,non_responsive
4687745,non_responsive,non_responsive,non_responsive,non_responsive
4687777,non_responsive,non_responsive,non_responsive,non_responsive
4687791,non_responsive,non_responsive,non_responsive,non_responsive
4688486,non_responsive,non_responsive,non_responsive,non_responsive
4688565,non_responsive,non_responsive,non_responsive,non_responsive
4688688,non_responsive,non_responsive,non_responsive,non_responsive
4688698,non_responsive,non_responsive,responsive,non_responsive
4688712,non_responsive,non_responsive,non_responsive,non_responsive
4688765,non_responsive,non_responsive,non_responsive,non_responsive
4689161,non_responsive,non_responsive,non_responsive,non_responsive
4689179,non_responsive,non_responsive,non_responsive,non_responsive
4689345,non_responsive,non_responsive,non_responsive,non_responsive
4689548,non_responsive,non_responsive,non_responsive,non_responsive
4689670,non_responsive,non_responsive,non_responsive,non_responsive
4689723,non_responsive,non_responsive,non_responsive,non_responsive
4692354,non_responsive,non_responsive,non_responsive,non_responsive
4696125,non_responsive,non_responsive,non_responsive,non_responsive
4696361,non_responsive,non_responsive,non_responsive,non_responsive
4697851,non_responsive,non_responsive,non_responsive,non_responsive
4698166,non_responsive,non_responsive,non_responsive,non_responsive
4700418,non_responsive,non_responsive,non_responsive,non_responsive
4705728,non_responsive,non_responsive,non_responsive,non_responsive
4705787,non_responsive,non_responsive,non_responsive,non_responsive
4707820,non_responsive,non_responsive,non_responsive,non_responsive
4709522,non_responsive,non_responsive,non_responsive,non_responsive
4709531,non_responsive,non_responsive,non_responsive,non_responsive
4712446,non_responsive,non_responsive,non_responsive,non_responsive
4712858,non_responsive,non_responsive,non_responsive,non_responsive
4715543,non_responsive,non_responsive,non_responsive,non_responsive
4715694,non_responsive,non_responsive,non_responsive,non_responsive
4720848,non_responsive,non_responsive,non_responsive,non_responsive
4726996,non_responsive,non_responsive,non_responsive,non_responsive
4729085,non_responsive,non_responsive,non_responsive,non_responsive
4729796,non_responsive,non_responsive,non_responsive,non_responsive
4733345,non_responsive,non_responsive,non_responsive,non_responsive
4734237,non_responsive,non_responsive,non_responsive,non_responsive
4735386,non_responsive,non_responsive,non_responsive,non_responsive
4737503,non_responsive,non_responsive,non_responsive,non_responsive
4737943,non_responsive,non_responsive,non_responsive,non_responsive
4737974,non_responsive,non_responsive,non_responsive,non_responsive
4740767,non_responsive,non_responsive,non_responsive,non_responsive
4741133,non_responsive,non_responsive,non_responsive,non_responsive
4742874,non_responsive,non_responsive,non_responsive,non_responsive
4746047,non_responsive,non_responsive,responsive,non_responsive
4749953,non_responsive,non_responsive,non_responsive,non_responsive
4750799,non_responsive,non_responsive,non_responsive,non_responsive
4751157,non_responsive,non_responsive,non_responsive,non_responsive
4751462,non_responsive,non_responsive,non_responsive,non_responsive
4754557,non_responsive,non_responsive,non_responsive,non_responsive
4762744,non_responsive,non_responsive,non_responsive,non_responsive
4764199,non_responsive,non_responsive,non_responsive,non_responsive
4766515,non_responsive,non_responsive,non_responsive,non_responsive
4770584,non_responsive,non_responsive,non_responsive,non_responsive
4771833,non_responsive,non_responsive,non_responsive,non_responsive
4778527,non_responsive,non_responsive,non_responsive,non_responsive
4781330,non_responsive,non_responsive,non_responsive,non_responsive
4796527,non_responsive,non_responsive,non_responsive,non_responsive
4796681,non_responsive,non_responsive,non_responsive,non_responsive
4797857,non_responsive,non_responsive,non_responsive,non_responsive
4804156,non_responsive,non_responsive,non_responsive,non_responsive
4805116,non_responsive,non_responsive,non_responsive,non_responsive
4805772,non_responsive,non_responsive,non_responsive,non_responsive
4806537,non_responsive,non_responsive,non_responsive,non_responsive
4811574,non_responsive,non_responsive,non_responsive,non_responsive
4818460,non_responsive,non_responsive,non_responsive,non_responsive
4818461,non_responsive,non_responsive,non_responsive,non_responsive
4818462,non_responsive,non_responsive,non_responsive,non_responsive
4818463,non_responsive,non_responsive,non_responsive,non_responsive
4818464,non_responsive,non_responsive,non_responsive,non_responsive
4818465,non_responsive,non_responsive,non_responsive,non_responsive
4818466,non_responsive,non_responsive,non_responsive,non_responsive
4818468,non_responsive,non_responsive,non_responsive,non_responsive
4818469,non_responsive,non_responsive,non_responsive,non_responsive
4818470,non_responsive,non_responsive,responsive,non_responsive
4818471,non_responsive,non_responsive,responsive,non_responsive
4818473,non_responsive,non_responsive,non_responsive,non_responsive
4818474,non_responsive,non_responsive,non_responsive,non_responsive
4818475,non_responsive,non_responsive,non_responsive,non_responsive
4818476,non_responsive,non_responsive,non_responsive,non_responsive
4818477,non_responsive,non_responsive,non_responsive,non_responsive
4818478,non_responsive,non_responsive,non_responsive,non_responsive
4818479,non_responsive,non_responsive,non_responsive,non_responsive
4818480,non_responsive,non_responsive,non_responsive,non_responsive
4818481,non_responsive,non_responsive,non_responsive,non_responsive
4818482,non_responsive,non_responsive,non_responsive,non_responsive
4818483,non_responsive,non_responsive,non_responsive,non_responsive
4818484,non_responsive,non_responsive,non_responsive,non_responsive
4818485,non_responsive,non_responsive,non_responsive,non_responsive
4818486,non_responsive,non_responsive,non_responsive,non_responsive
4818487,non_responsive,non_responsive,non_responsive,non_responsive
4818489,non_responsive,non_responsive,non_responsive,non_responsive
4818490,non_responsive,non_responsive,non_responsive,non_responsive
4818492,non_responsive,non_responsive,non_responsive,non_responsive
4818493,non_responsive,non_responsive,non_responsive,non_responsive
4818494,non_responsive,non_responsive,non_responsive,non_responsive
4818495,non_responsive,non_responsive,non_responsive,non_responsive
4818496,non_responsive,non_responsive,non_responsive,non_responsive
4818497,non_responsive,non_responsive,non_responsive,non_responsive
4818498,non_responsive,non_responsive,non_responsive,non_responsive
4818499,non_responsive,non_responsive,non_responsive,non_responsive
4818502,non_responsive,non_responsive,non_responsive,non_responsive
4818503,non_responsive,non_responsive,non_responsive,non_responsive
4818505,non_responsive,non_responsive,non_responsive,non_responsive
4818506,non_responsive,non_responsive,non_responsive,non_responsive
4818507,non_responsive,non_responsive,non_responsive,non_responsive
4818508,non_responsive,non_responsive,non_responsive,non_responsive
4818509,non_responsive,non_responsive,responsive,non_responsive
4818511,non_responsive,non_responsive,non_responsive,non_responsive
4818512,non_responsive,non_responsive,non_responsive,non_responsive
4818513,non_responsive,non_responsive,non_responsive,non_responsive
4818514,non_responsive,non_responsive,non_responsive,non_responsive
4818515,non_responsive,non_responsive,non_responsive,non_responsive
4818516,non_responsive,non_responsive,non_responsive,non_responsive
4818517,non_responsive,non_responsive,non_responsive,non_responsive
4818518,non_responsive,non_responsive,non_responsive,non_responsive
4818520,non_responsive,non_responsive,non_responsive,non_responsive
4818523,non_responsive,non_responsive,non_responsive,non_responsive
4818524,non_responsive,non_responsive,non_responsive,non_responsive
4818525,non_responsive,non_responsive,non_responsive,non_responsive
4818526,non_responsive,non_responsive,non_responsive,non_responsive
4818527,non_responsive,non_responsive,non_responsive,non_responsive
4818528,non_responsive,non_responsive,non_responsive,non_responsive
4818529,non_responsive,non_responsive,non_responsive,non_responsive
4818530,responsive,responsive,responsive,non_responsive
4818531,non_responsive,non_responsive,responsive,non_responsive
4818532,non_responsive,non_responsive,responsive,non_responsive
4818533,non_responsive,non_responsive,non_responsive,non_responsive
4818534,non_responsive,non_responsive,non_responsive,non_responsive
4818536,non_responsive,non_responsive,non_responsive,non_responsive
4818537,non_responsive,non_responsive,non_responsive,non_responsive
4818538,non_responsive,non_responsive,non_responsive,non_responsive
4818539,responsive,responsive,responsive,non_responsive
4818540,non_responsive,non_responsive,non_responsive,non_responsive
4818541,non_responsive,non_responsive,non_responsive,non_responsive
4818542,non_responsive,non_responsive,non_responsive,non_responsive
4818543,non_responsive,non_responsive,non_responsive,non_responsive
4818544,non_responsive,non_responsive,responsive,non_responsive
4818545,non_responsive,non_responsive,non_responsive,non_responsive
4818546,non_responsive,non_responsive,responsive,non_responsive
4818547,non_responsive,non_responsive,non_responsive,non_responsive
4818549,non_responsive,non_responsive,non_responsive,non_responsive
4818550,non_responsive,responsive,responsive,non_responsive
4818551,non_responsive,non_responsive,non_responsive,non_responsive
4818552,non_responsive,non_responsive,non_responsive,non_responsive
4818553,non_responsive,non_responsive,non_responsive,non_responsive
4818554,non_responsive,non_responsive,non_responsive,non_responsive
4818555,non_responsive,non_responsive,non_responsive,non_responsive
4818556,non_responsive,non_responsive,non_responsive,non_responsive
4818557,non_responsive,non_responsive,non_responsive,non_responsive
4818558,non_responsive,non_responsive,non_responsive,non_responsive
4818559,non_responsive,non_responsive,non_responsive,non_responsive
4818560,non_responsive,non_responsive,non_responsive,non_responsive
4818562,non_responsive,non_responsive,non_responsive,non_responsive
4818564,non_responsive,non_responsive,non_responsive,non_responsive
4818565,non_responsive,non_responsive,non_responsive,non_responsive
4818566,non_responsive,non_responsive,non_responsive,non_responsive
4818567,non_responsive,non_responsive,non_responsive,non_responsive
4818568,non_responsive,non_responsive,non_responsive,non_responsive
4818569,non_responsive,non_responsive,non_responsive,non_responsive
4818571,non_responsive,non_responsive,non_responsive,non_responsive
4818572,non_responsive,non_responsive,non_responsive,non_responsive
4818573,non_responsive,non_responsive,non_responsive,non_responsive
4818574,non_responsive,non_responsive,non_responsive,non_responsive
4818575,non_responsive,non_responsive,non_responsive,non_responsive
4818576,non_responsive,non_responsive,non_responsive,non_responsive
4818578,non_responsive,non_responsive,non_responsive,non_responsive
4818579,non_responsive,non_responsive,non_responsive,non_responsive
4818580,non_responsive,non_responsive,non_responsive,non_responsive
4823907,non_responsive,non_responsive,non_responsive,non_responsive
4825408,non_responsive,non_responsive,non_responsive,non_responsive
4825409,non_responsive,non_responsive,non_responsive,non_responsive
4825410,non_responsive,non_responsive,non_responsive,non_responsive
4825411,non_responsive,non_responsive,non_responsive,non_responsive
4825412,non_responsive,non_responsive,non_responsive,non_responsive
4825413,non_responsive,non_responsive,non_responsive,non_responsive
4825415,non_responsive,non_responsive,non_responsive,non_responsive
4825416,non_responsive,non_responsive,non_responsive,non_responsive
4825417,non_responsive,non_responsive,non_responsive,non_responsive
4825418,non_responsive,non_responsive,non_responsive,non_responsive
4827531,non_responsive,non_responsive,non_responsive,non_responsive
4827532,non_responsive,non_responsive,non_responsive,non_responsive
4827533,non_responsive,non_responsive,non_responsive,non_responsive
4827534,non_responsive,non_responsive,non_responsive,non_responsive
4827535,non_responsive,non_responsive,non_responsive,non_responsive
4827536,non_responsive,non_responsive,non_responsive,non_responsive
4827537,non_responsive,non_responsive,non_responsive,non_responsive
4827538,non_responsive,non_responsive,non_responsive,non_responsive
4827539,non_responsive,non_responsive,non_responsive,non_responsive
4827540,non_responsive,non_responsive,non_responsive,non_responsive
4827541,non_responsive,non_responsive,non_responsive,non_responsive
4827542,non_responsive,non_responsive,non_responsive,non_responsive
4827543,non_responsive,non_responsive,non_responsive,non_responsive
4839232,non_responsive,non_responsive,non_responsive,non_responsive
4841157,non_responsive,non_responsive,non_responsive,non_responsive
4841324,non_responsive,non_responsive,non_responsive,non_responsive
4841326,non_responsive,non_responsive,non_responsive,non_responsive
4841327,non_responsive,non_responsive,non_responsive,non_responsive
4841328,non_responsive,non_responsive,non_responsive,non_responsive
4841329,non_responsive,non_responsive,non_responsive,non_responsive
4841330,non_responsive,non_responsive,non_responsive,non_responsive
4841331,non_responsive,non_responsive,responsive,non_responsive
4841332,non_responsive,non_responsive,non_responsive,non_responsive
4843815,non_responsive,non_responsive,non_responsive,non_responsive
4843816,non_responsive,non_responsive,non_responsive,non_responsive
4843817,non_responsive,non_responsive,non_responsive,non_responsive
4843818,non_responsive,non_responsive,non_responsive,non_responsive
4843819,non_responsive,non_responsive,non_responsive,non_responsive
4843820,non_responsive,non_responsive,non_responsive,non_responsive
4843821,non_responsive,non_responsive,non_responsive,non_responsive
4843822,non_responsive,non_responsive,non_responsive,non_responsive
4843823,non_responsive,non_responsive,non_responsive,non_responsive
4843824,non_responsive,non_responsive,non_responsive,non_responsive
4843825,non_responsive,non_responsive,non_responsive,non_responsive
4843826,non_responsive,non_responsive,non_responsive,non_responsive
4843827,non_responsive,non_responsive,non_responsive,non_responsive
4843828,non_responsive,non_responsive,non_responsive,non_responsive
4843829,non_responsive,non_responsive,non_responsive,non_responsive
4843830,non_responsive,non_responsive,non_responsive,non_responsive
4843831,non_responsive,non_responsive,non_responsive,non_responsive
4843832,non_responsive,non_responsive,non_responsive,non_responsive
4843833,non_responsive,non_responsive,non_responsive,non_responsive
4847260,non_responsive,non_responsive,responsive,non_responsive
4847271,non_responsive,non_responsive,non_responsive,non_responsive
4847272,non_responsive,non_responsive,non_responsive,non_responsive
4847466,non_responsive,non_responsive,non_responsive,non_responsive
4847919,non_responsive,non_responsive,non_responsive,non_responsive
4847980,non_responsive,non_responsive,non_responsive,non_responsive
4848672,non_responsive,non_responsive,non_responsive,non_responsive
4848806,non_responsive,non_responsive,non_responsive,non_responsive
4849019,non_responsive,non_responsive,non_responsive,non_responsive
4849040,non_responsive,non_responsive,non_responsive,non_responsive
